DATAFILE_AS_OF,REPORT_YEAR,REPORT_NUMBER,SUPPLEMENTAL_NUMBER,OPERATOR_ID,PARTA2NAMEOFCOMP,PARTA4STREET,PARTA4CITY,PARTA4STATE,PARTA4ZIP,PARTA4COUNTRY,PARTA5COMMODITY,PARTA7INTER,PARTA7INTRA,PARTBHCAOFFSHORE,PARTBHCAONSHORE,PARTBHCATOTAL,PARTCOFFCO2,PARTCOFFCRUDE,PARTCOFFETHANOL,PARTCOFFHVL,PARTCOFFRPP,PARTCONCO2,PARTCONCRUDE,PARTCONETHANOL,PARTCONHVL,PARTCONRPP,PARTDONCPB,PARTDONCPC,PARTDONCUB,PARTDONCUC,PARTDONCUP,PARTDONCUO,PARTDONTOTAL,PARTDOFFCPB,PARTDOFFCPC,PARTDOFFCUB,PARTDOFFCUC,PARTDOFFCUP,PARTDOFFCUO,PARTDOFFTOTAL,PARTDCPBTOTAL,PARTDCPCTOTAL,PARTDCUBTOTAL,PARTDCUCTOTAL,PARTDCUPTOTAL,PARTDCUOTOTAL,PARTDTOTALMILES,PARTEUNKNHF,PARTEUNKNLF,PARTEUNKNTOTAL,PARTEPRE40HF,PARTEPRE40LF,PARTEPRE40TOTAL,PARTE1940HF,PARTE1940LF,PARTE1940TOTAL,PARTE1950HF,PARTE1950LF,PARTE1950TOTAL,PARTE1960HF,PARTE1960LF,PARTE1960TOTAL,PARTE1970HF,PARTE1970LF,PARTE1970TOTAL,PARTE1980HF,PARTE1980LF,PARTE1980TOTAL,PARTE1990HF,PARTE1990LF,PARTE1990TOTAL,PARTE2000HF,PARTE2000LF,PARTE2000TOTAL,PARTE2010HF,PARTE2010LF,PARTE2010TOTAL,PARTE2020HF,PARTE2020LF,PARTE2020TOTAL,PARTETOTAL,PARTETOTALHF,PARTETOTALLF,REPORT_SUBMISSION_TYPE,REPORT_DATE,FILING_DATE,FORM_REV
2025-07-01T03:29:20.000-04:00,2024,20250055,21739,117,AIR PRODUCTS & CHEMICALS INC,1940 AIR PRODUCTS BLVD,ALLENTOWN,PA,18106,US,CO2,null,TEXAS,null,12.91000000000000000,12.91000000000000000,null,null,null,null,null,242537,null,null,null,null,0.000,12.9100000000000000,0E-16,0E-16,0.00,0E-14,12.9100000000000000,0.00,0E-15,0.00,0.000,0,0,0E-15,0.000,12.9100000000000000,0.000,0E-16,0.00,0E-14,12.9100000000000000,0.000,0E-15,0.000,0.000,0.000,0.000,0E-17,0E-15,0E-15,0E-16,0E-16,0E-16,0.000,0E-18,0E-18,0E-15,0E-16,0E-15,0E-15,0E-16,0E-15,0E-17,0.000,0E-17,0E-17,0.000,0E-17,12.91000000000000000,0.000,12.91000000000000000,0E-17,0.00,0E-17,12.9100000000000000,12.910000000000000000,0E-16,INITIAL,2025-04-04T13:41:47.000-04:00,2025-04-04T13:41:47.000-04:00,7000-1.1 (Rev. 04-2023)
2025-07-01T03:29:20.000-04:00,2024,20250056,21740,117,AIR PRODUCTS & CHEMICALS INC,1940 AIR PRODUCTS BLVD,ALLENTOWN,PA,18106,US,Refined and/or Petroleum Product (non-HVL),null,TEXAS,null,2.71000000000000000,2.71000000000000000,null,null,null,null,null,null,null,null,null,6387,0.000,2.7100000000000000,0E-16,0E-16,0.00,0E-14,2.7100000000000000,0.00,0E-15,0.00,0.000,0,0,0E-15,0.000,2.7100000000000000,0.000,0E-16,0.00,0E-14,2.7100000000000000,0.000,0E-15,0.000,0.000,0.000,0.000,0E-17,0E-15,0E-15,0E-16,0E-16,0E-16,0.000,0E-18,0E-18,0E-15,0E-16,0E-15,0E-15,0E-16,0E-15,0E-17,0.000,0E-17,0E-17,0.000,0E-17,0E-17,0.000,0E-17,2.71000000000000000,0.00,2.71000000000000000,2.7100000000000000,2.710000000000000000,0E-16,INITIAL,2025-04-04T13:45:23.000-04:00,2025-04-04T13:45:23.000-04:00,7000-1.1 (Rev. 04-2023)
2025-07-01T03:29:20.000-04:00,2024,20250466,22179,300,"PLAINS PIPELINE, L.P.","333 CLAY STREET, SUITE 1900",HOUSTON,TX,77002,US,Crude Oil,"ALABAMA, ARKANSAS, COLORADO, ILLINOIS, KANSAS, LOUISIANA, MISSISSIPPI, MONTANA, NEW MEXICO, NORTH DAKOTA, OKLAHOMA, TENNESSEE, TEXAS, WYOMING","ARKANSAS, CALIFORNIA, LOUISIANA, MISSISSIPPI, MONTANA, NEW MEXICO, NORTH DAKOTA, OKLAHOMA, TEXAS, WYOMING",null,1518.51000000000000000,1518.51000000000000000,null,null,null,null,null,null,408244560946,null,null,null,170.440,7135.5800000000000000,0E-16,0E-16,0.00,994.15000000000000,8300.1700000000000000,0.00,0E-15,0.00,0.000,0,0,0E-15,170.440,7135.5800000000000000,0.000,0E-16,0.00,994.15000000000000,8300.1700000000000000,0.010,0E-15,0.010,0.000,1.280,1.280,0E-17,586.450000000000000,586.450000000000000,0.0200000000000000,240.6400000000000000,240.6600000000000000,0.000,382.620000000000000000,382.620000000000000000,210.310000000000000,0E-16,210.310000000000000,66.010000000000010,0E-16,66.010000000000010,443.98000000000000000,0.000,443.98000000000000000,355.95000000000000000,0.000,355.95000000000000000,3961.33000000000000000,0.000,3961.33000000000000000,72.56999999999999000,0.00,72.56999999999999000,6321.1700000000000000,5110.180000000000000000,1210.9900000000000000,INITIAL,2025-06-12T05:19:07.000-04:00,2025-06-12T05:19:07.000-04:00,7000-1.1 (Rev. 04-2023)
2025-07-01T03:29:20.000-04:00,2024,20250463,22176,300,"PLAINS PIPELINE, L.P.","333 CLAY STREET, SUITE 1900",HOUSTON,TX,77002,US,HVL,MICHIGAN,"CALIFORNIA, TEXAS",null,59.86000000000000000,59.86000000000000000,null,null,null,null,null,null,null,null,128082504,null,0.000,120.5500000000000000,0E-16,0E-16,0.00,6.83000000000000,127.3800000000000000,0.00,0E-15,0.00,0.000,0,0,0E-15,0.000,120.5500000000000000,0.000,0E-16,0.00,6.83000000000000,127.3800000000000000,0.000,0E-15,0.000,0.000,0.000,0.000,0E-17,0E-15,0E-15,0E-16,0E-16,0E-16,0.000,0E-18,0E-18,0E-15,0E-16,0E-15,0E-15,0E-16,0E-15,0.01000000000000000,0.000,0.01000000000000000,0E-17,0.000,0E-17,48.05000000000000000,0.000,48.05000000000000000,2.70000000000000000,0.00,2.70000000000000000,50.7600000000000000,50.760000000000000000,0E-16,INITIAL,2025-06-12T05:10:53.000-04:00,2025-06-12T05:10:53.000-04:00,7000-1.1 (Rev. 04-2023)
2025-07-01T03:29:20.000-04:00,2024,20250326,22035,395,AMOCO OIL CO,30 S. WACKER DRIVE,CHICAGO,IL,60606,US,Refined and/or Petroleum Product (non-HVL),"ILLINOIS, INDIANA, IOWA, MICHIGAN, MINNESOTA, MISSOURI",null,null,424.10000000000000000,424.10000000000000000,null,null,null,null,null,0,0,0,0,11853304009,0.000,1153.0000000000000000,0E-16,0E-16,0.00,0E-14,1153.0000000000000000,0.00,0E-15,0.00,0.000,0,0,0E-15,0.000,1153.0000000000000000,0.000,0E-16,0.00,0E-14,1153.0000000000000000,0.000,0E-15,0.000,0.000,0.000,0.000,0E-17,15.000000000000000,15.000000000000000,0E-16,0E-16,0E-16,0.000,0.900000000000000000,0.900000000000000000,0.600000000000000,0.9000000000000000,1.500000000000000,18.500000000000000,0E-16,18.500000000000000,58.50000000000000000,0.000,58.50000000000000000,5.00000000000000000,0.000,5.00000000000000000,1.40000000000000000,0.000,1.40000000000000000,0E-17,0.00,0E-17,100.8000000000000000,84.000000000000000000,16.8000000000000000,INITIAL,2025-06-09T12:16:04.000-04:00,2025-06-09T12:16:04.000-04:00,7000-1.1 (Rev. 04-2023)
2025-07-01T03:29:20.000-04:00,2024,20250579,22300,473,"WESTERN MIDSTREAM PARTNERS, LP",9950 WOODLOCH FOREST DR,THE WOODLANDS,TX,77380,US,Crude Oil,null,"COLORADO, TEXAS",null,95.30000000000000000,95.30000000000000000,null,null,null,null,null,null,36693410848,null,null,null,0.000,475.2000000000000000,0E-16,0E-16,0.00,0E-14,475.2000000000000000,0.00,0E-15,0.00,0.000,0,0,0E-15,0.000,475.2000000000000000,0.000,0E-16,0.00,0E-14,475.2000000000000000,0.000,0E-15,0.000,0.000,0.000,0.000,0E-17,0E-15,0E-15,0E-16,0E-16,0E-16,0.000,0E-18,0E-18,0E-15,0E-16,0E-15,0E-15,0E-16,0E-15,0E-17,0.000,0E-17,0E-17,0.000,0E-17,443.20000000000000000,0.000,443.20000000000000000,32.10000000000000000,0.00,32.10000000000000000,475.3000000000000000,475.300000000000000000,0E-16,INITIAL,2025-06-13T07:20:48.000-04:00,2025-06-13T07:20:48.000-04:00,7000-1.1 (Rev. 04-2023)
2025-07-01T03:29:20.000-04:00,2024,20250578,22299,473,"WESTERN MIDSTREAM PARTNERS, LP",9950 WOODLOCH FOREST DR,THE WOODLANDS,TX,77380,US,HVL,null,"COLORADO, TEXAS, UTAH, WYOMING",null,27.82000000000000000,27.82000000000000000,null,null,null,null,null,null,null,null,31751449349,null,0.000,287.5000000000000000,0E-16,0E-16,0.00,0E-14,287.5000000000000000,0.00,0E-15,0.00,0.000,0,0,0E-15,0.000,287.5000000000000000,0.000,0E-16,0.00,0E-14,287.5000000000000000,0.000,0E-15,0.000,0.000,0.000,0.000,0E-17,0E-15,0E-15,0E-16,0E-16,0E-16,0.000,0E-18,0E-18,89.200000000000000,0E-16,89.200000000000000,0E-15,0E-16,0E-15,4.10000000000000000,0.000,4.10000000000000000,15.40000000000000000,0.000,15.40000000000000000,174.30000000000000000,0.000,174.30000000000000000,4.60000000000000000,0.00,4.60000000000000000,287.6000000000000000,287.600000000000000000,0E-16,INITIAL,2025-06-13T07:18:52.000-04:00,2025-06-13T07:18:52.000-04:00,7000-1.1 (Rev. 04-2023)
2025-07-01T03:29:20.000-04:00,2024,20250267,21972,515,DAKOTA GASIFICATION COMPANY,1717 EAST INTERSTATE AVENUE,BISMARCK,ND,58503-0564,US,CO2,NORTH DAKOTA,NORTH DAKOTA,null,36.32000000000000000,36.32000000000000000,null,null,null,null,null,1018625835,null,null,null,null,0.000,173.7000000000000000,0E-16,0E-16,0.00,0E-14,173.7000000000000000,0.00,0E-15,0.00,0.000,0,0,0E-15,0.000,173.7000000000000000,0.000,0E-16,0.00,0E-14,173.7000000000000000,0.000,0E-15,0.000,0.000,0.000,0.000,0E-17,0E-15,0E-15,0E-16,0E-16,0E-16,0.000,0E-18,0E-18,0E-15,0E-16,0E-15,0E-15,0E-16,0E-15,160.86000000000000000,0.000,160.86000000000000000,0E-17,0.000,0E-17,0.27000000000000000,0.000,0.27000000000000000,0E-17,0.00,0E-17,161.1300000000000000,161.130000000000000000,0E-16,INITIAL,2025-06-06T04:42:56.000-04:00,2025-06-06T04:42:56.000-04:00,7000-1.1 (Rev. 04-2023)
2025-07-01T03:29:20.000-04:00,2024,20250175,21881,994,"WILLIAMS FIELD SERVICES - GULF COAST COMPANY, LP",ONE WILLIAMS CENTER,TULSA,OK,74172,US,Crude Oil,OCS-Gulf of Mexico,null,0E-15,0E-17,0E-17,null,50463824,null,null,null,null,0,null,null,null,0.000,0E-16,0E-16,0E-16,0.00,0E-14,0E-16,0.00,6.175000000000000,0.00,0.000,0,0,6.175000000000000,0.000,6.1750000000000000,0.000,0E-16,0.00,0E-14,6.1750000000000000,0.000,0E-15,0.000,0.000,0.000,0.000,0E-17,0E-15,0E-15,0E-16,0E-16,0E-16,0.000,0E-18,0E-18,0E-15,0E-16,0E-15,0E-15,0E-16,0E-15,0E-17,0.000,0E-17,6.17500000000000000,0.000,6.17500000000000000,0E-17,0.000,0E-17,0E-17,0.00,0E-17,6.1750000000000000,6.175000000000000000,0E-16,SUPPLEMENTAL,2025-05-30T02:55:00.000-04:00,2025-05-30T07:23:25.000-04:00,7000-1.1 (Rev. 04-2023)
2025-07-01T03:29:20.000-04:00,2024,20250500,22277,999,"PACIFIC COAST ENERGY COMPANY, LP",1555 ORCUTT HILL ROAD,ORCUTT,CA,93455,US,Crude Oil,null,CALIFORNIA,0E-15,4.13000000000000000,4.13000000000000000,null,0,null,null,null,null,397909,null,null,null,0.000,4.1300000000000000,0E-16,0E-16,0.00,0E-14,4.1300000000000000,0.00,0E-15,0.00,0.000,0,0,0E-15,0.000,4.1300000000000000,0.000,0E-16,0.00,0E-14,4.1300000000000000,0.000,0E-15,0.000,0.000,0.000,0.000,0E-17,0E-15,0E-15,0E-16,0E-16,0E-16,0.000,0E-18,0E-18,0E-15,0E-16,0E-15,0E-15,0E-16,0E-15,0E-17,0.000,0E-17,0E-17,0.000,0E-17,0E-17,0.000,0E-17,0E-17,0.00,0E-17,0E-16,0E-18,0E-16,SUPPLEMENTAL,2025-06-12T10:38:55.000-04:00,2025-06-13T06:07:16.000-04:00,7000-1.1 (Rev. 04-2023)
2025-07-01T03:29:20.000-04:00,2024,20250442,22155,1541,"HILCORP NORTH SLOPE, LLC",3800 CENTERPOINT DRIVE,ANCHORAGE,AK,99503,US,Crude Oil,null,ALASKA,null,34.59600000000000000,34.59600000000000000,null,null,null,null,null,null,643892128,null,null,null,0.000,0E-16,17.2500000000000000,17.3910000000000000,0.00,0E-14,34.6410000000000000,0.00,0E-15,0.00,0.000,0,0,0E-15,0.000,0E-16,17.250,17.3910000000000000,0.00,0E-14,34.6410000000000000,0.000,0E-15,0.000,0.000,0.000,0.000,0E-17,0E-15,0E-15,0E-16,0E-16,0E-16,0.000,0E-18,0E-18,0E-15,0E-16,0E-15,4.245000000000000,0E-16,4.245000000000000,0E-17,0.000,0E-17,0E-17,0.000,0E-17,0E-17,0.000,0E-17,0E-17,0.00,0E-17,4.2450000000000000,4.245000000000000000,0E-16,INITIAL,2025-06-11T14:49:23.000-04:00,2025-06-11T14:49:23.000-04:00,7000-1.1 (Rev. 04-2023)
2025-07-01T03:29:20.000-04:00,2024,20250419,22130,1845,"BUCKEYE PARTNERS, LP",THE BUCKEYE BUILDING,ALLENTOWN,PA,18106,US,Crude Oil,"INDIANA, OHIO",TEXAS,null,3.32200000000000000,3.32200000000000000,null,null,null,null,null,null,237480085,null,null,null,0.000,6.5250000000000000,0E-16,0E-16,0.00,0E-14,6.5250000000000000,0.00,0E-15,0.00,0.000,0,0,0E-15,0.000,6.5250000000000000,0.000,0E-16,0.00,0E-14,6.5250000000000000,0.000,0E-15,0.000,0.000,0.000,0.000,0E-17,1.168000000000000,1.168000000000000,0E-16,0E-16,0E-16,0.000,0E-18,0E-18,0E-15,0E-16,0E-15,0E-15,0E-16,0E-15,0E-17,0.000,0E-17,0E-17,0.000,0E-17,4.93800000000000000,0.000,4.93800000000000000,0.29800000000000000,0.00,0.29800000000000000,6.4040000000000000,5.236000000000000000,1.1680000000000000,INITIAL,2025-06-11T10:36:41.000-04:00,2025-06-11T10:36:41.000-04:00,7000-1.1 (Rev. 04-2023)
2025-07-01T03:29:20.000-04:00,2024,20250423,22134,1845,"BUCKEYE PARTNERS, LP",THE BUCKEYE BUILDING,ALLENTOWN,PA,18106,US,Fuel Grade Ethanol (dedicated system),FLORIDA,FLORIDA,null,3.33200000000000000,3.33200000000000000,null,null,null,null,null,null,null,1345579,null,null,0.000,3.3320000000000000,0E-16,0E-16,0.00,0E-14,3.3320000000000000,0.00,0E-15,0.00,0.000,0,0,0E-15,0.000,3.3320000000000000,0.000,0E-16,0.00,0E-14,3.3320000000000000,0.000,0E-15,0.000,0.000,0.000,0.000,0E-17,0E-15,0E-15,0E-16,0E-16,0E-16,0.000,0E-18,0E-18,0E-15,0E-16,0E-15,0E-15,0E-16,0E-15,0E-17,0.000,0E-17,0E-17,0.000,0E-17,3.33200000000000000,0.000,3.33200000000000000,0E-17,0.00,0E-17,3.3320000000000000,3.332000000000000000,0E-16,INITIAL,2025-06-11T11:06:34.000-04:00,2025-06-11T11:06:34.000-04:00,7000-1.1 (Rev. 04-2023)
2025-07-01T03:29:20.000-04:00,2024,20250425,22136,1845,"BUCKEYE PARTNERS, LP",THE BUCKEYE BUILDING,ALLENTOWN,PA,18106,US,HVL,"ILLINOIS, INDIANA, OHIO","FLORIDA, TEXAS",null,26.52200000000000000,26.52200000000000000,null,null,null,null,null,null,null,null,573117629,null,0.000,32.8740000000000000,0E-16,0E-16,0.00,0E-14,32.8740000000000000,0.00,0E-15,0.00,0.000,0,0,0E-15,0.000,32.8740000000000000,0.000,0E-16,0.00,0E-14,32.8740000000000000,0.000,0.460000000000000,0.460,0.000,0.000,0.000,0E-17,0E-15,0E-15,0E-16,0.9100000000000000,0.9100000000000000,0.000,1.011000000000000000,1.011000000000000000,0E-15,0E-16,0E-15,0E-15,0E-16,0E-15,5.95200000000000000,0.000,5.95200000000000000,18.48000000000000000,0.000,18.48000000000000000,5.13800000000000000,0.000,5.13800000000000000,0.91800000000000000,0.00,0.91800000000000000,32.8690000000000000,30.488000000000000000,2.3810000000000000,INITIAL,2025-06-11T11:21:42.000-04:00,2025-06-11T11:21:42.000-04:00,7000-1.1 (Rev. 04-2023)
2025-07-01T03:29:20.000-04:00,2024,20250481,22197,1845,"BUCKEYE PARTNERS, LP",THE BUCKEYE BUILDING,ALLENTOWN,PA,18106,US,Refined and/or Petroleum Product (non-HVL),"CONNECTICUT, DELAWARE, FLORIDA, ILLINOIS, INDIANA, IOWA, MAINE, MASSACHUSETTS, MICHIGAN, MISSOURI, NEW JERSEY, NEW YORK, OHIO, PENNSYLVANIA","ALABAMA, TEXAS",null,3576.73000000000000000,3576.73000000000000000,null,null,null,null,null,null,null,null,null,52343440358,252.274,6015.2380000000000000,0E-16,0E-16,0.00,0E-14,6267.5120000000000000,0.00,0E-15,0.00,0.000,0,0,0E-15,252.274,6015.2380000000000000,0.000,0E-16,0.00,0E-14,6267.5120000000000000,0.000,2.301000000000000,2.301,0.000,319.045,319.045,0E-17,825.342000000000000,825.342000000000000,0E-16,942.8120000000000000,942.8120000000000000,0.000,1599.642000000000000000,1599.642000000000000000,346.262000000000000,0E-16,346.262000000000000,55.127000000000000,0E-16,55.127000000000000,58.93900000000000000,0.000,58.93900000000000000,114.23400000000000000,0.000,114.23400000000000000,47.99400000000000000,0.000,47.99400000000000000,10.98000000000000000,0.00,10.98000000000000000,4322.6780000000000000,633.535999999999900000,3689.1420000000000000,INITIAL,2025-06-12T07:00:51.000-04:00,2025-06-12T07:00:51.000-04:00,7000-1.1 (Rev. 04-2023)
2025-07-01T03:29:20.000-04:00,2024,20250051,21734,2162,DOW PIPELINE LLC - CAYUSE,1000 CO. RD. 340,ANGLETON,TX,77515,US,HVL,"LOUISIANA, TEXAS",null,null,56.02000000000000000,56.02000000000000000,null,null,null,null,null,null,null,null,2063811118,null,0.000,248.7500000000000000,0E-16,0E-16,0.00,0E-14,248.7500000000000000,0.00,0E-15,0.00,0.000,0,0,0E-15,0.000,248.7500000000000000,0.000,0E-16,0.00,0E-14,248.7500000000000000,0.000,0E-15,0.000,0.000,0.000,0.000,0E-17,0E-15,0E-15,0E-16,0E-16,0E-16,0.000,0E-18,0E-18,246.230000000000000,0E-16,246.230000000000000,0.080000000000000,0E-16,0.080000000000000,0E-17,0.000,0E-17,0E-17,0.000,0E-17,0.72000000000000000,0.000,0.72000000000000000,0.01000000000000000,0.00,0.01000000000000000,247.0400000000000000,247.040000000000000000,0E-16,INITIAL,2025-04-01T11:25:01.000-04:00,2025-04-01T11:25:01.000-04:00,7000-1.1 (Rev. 04-2023)
2025-07-01T03:29:20.000-04:00,2024,20250066,21752,2170,CENEX PIPELINE LLC,803 HWY 212 S,LAUREL,MT,59044,null,Refined and/or Petroleum Product (non-HVL),"MONTANA, NORTH DAKOTA",null,null,202.55000000000000000,202.55000000000000000,null,null,null,null,null,0,0,0,0,7004939679,0.000,803.2600000000000000,0E-16,0E-16,0.00,0E-14,803.2600000000000000,0.00,0E-15,0.00,0.000,0,0,0E-15,0.000,803.2600000000000000,0.000,0E-16,0.00,0E-14,803.2600000000000000,0.000,0E-15,0.000,0.000,0.000,0.000,0E-17,0E-15,0E-15,0E-16,2.0100000000000000,2.0100000000000000,0.000,49.980000000000000000,49.980000000000000000,18.200000000000000,0E-16,18.200000000000000,0E-15,0E-16,0E-15,274.44000000000000000,0.000,274.44000000000000000,110.17000000000000000,0.000,110.17000000000000000,137.57000000000000000,0.000,137.57000000000000000,210.91000000000000000,0.00,210.91000000000000000,803.2800000000000000,751.290000000000000000,51.9900000000000000,INITIAL,2025-04-23T09:07:22.000-04:00,2025-04-23T09:07:22.000-04:00,7000-1.1 (Rev. 04-2023)
2025-07-01T03:29:20.000-04:00,2024,20250297,22005,2190,CENTRAL FLORIDA PIPELINE CORP,"1001 LOUISIANA ST.,",HOUSTON,TX,77002,US,Refined and/or Petroleum Product (non-HVL),null,FLORIDA,null,187.74100000000000000,187.74100000000000000,null,null,null,null,null,null,null,null,null,3623218220,0.000,205.6990000000000000,0E-16,0E-16,0.00,0E-14,205.6990000000000000,0.00,0E-15,0.00,0.000,0,0,0E-15,0.000,205.6990000000000000,0.000,0E-16,0.00,0E-14,205.6990000000000000,0.000,0E-15,0.000,0.000,0.000,0.000,0E-17,0E-15,0E-15,0E-16,0E-16,0E-16,0.000,3.955000000000000000,3.955000000000000000,78.901000000000000,2.1810000000000000,81.081999999999990,1.661000000000000,0E-16,1.661000000000000,112.05300000000000000,0.000,112.05300000000000000,1.26900000000000000,0.000,1.26900000000000000,4.26200000000000000,0.000,4.26200000000000000,1.21200000000000000,0.00,1.21200000000000000,205.4940000000000000,199.358000000000000000,6.1360000000000000,INITIAL,2025-06-09T05:22:47.000-04:00,2025-06-09T05:22:47.000-04:00,7000-1.1 (Rev. 04-2023)
2025-07-01T03:29:20.000-04:00,2024,20250138,21837,2387,CITGO PIPELINE CO,1293 ELDRIDGE PARKWAY,Houston,TX,77077,null,Crude Oil,"LOUISIANA, TEXAS",null,null,52.55400000000000000,52.55400000000000000,null,null,null,null,null,null,5798922562,null,null,null,0.000,64.1680000000000100,0E-16,0E-16,0.00,0E-14,64.1680000000000100,0.00,0E-15,0.00,0.000,0,0,0E-15,0.000,64.1680000000000100,0.000,0E-16,0.00,0E-14,64.1680000000000100,0.000,0E-15,0.000,0.000,0.000,0.000,0E-17,0E-15,0E-15,0E-16,0E-16,0E-16,0.000,0E-18,0E-18,0E-15,0.0150000000000000,0.015000000000000,0E-15,0E-16,0E-15,0.17400000000000000,0.000,0.17400000000000000,0.14000000000000000,0.000,0.14000000000000000,0E-17,0.000,0E-17,0.47200000000000000,0.00,0.47200000000000000,0.8010000000000000,0.786000000000000000,0.0150000000000000,INITIAL,2025-05-22T13:15:00.000-04:00,2025-05-22T13:15:00.000-04:00,7000-1.1 (Rev. 04-2023)
2025-07-01T03:29:20.000-04:00,2024,20250553,22273,2552,COLONIAL PIPELINE CO,1000 Lake St.,Alpharetta,GA,30009,null,Refined and/or Petroleum Product (non-HVL),"ALABAMA, DELAWARE, GEORGIA, LOUISIANA, MARYLAND, MISSISSIPPI, NEW JERSEY, NEW YORK, NORTH CAROLINA, PENNSYLVANIA, SOUTH CAROLINA, TENNESSEE, TEXAS, VIRGINIA, WASHINGTON DC",null,null,3579.32000000000000000,3579.32000000000000000,null,null,null,null,null,null,null,null,null,876268512800,0.000,5540.1000000000000000,64.7200000000000000,0E-16,0.00,0E-14,5604.8200000000000000,0.00,0E-15,0.00,0.000,0,0,0E-15,0.000,5540.1000000000000000,64.720,0E-16,0.00,0E-14,5604.8200000000000000,7.940,4.650000000000000,12.590,0.000,0.000,0.000,0E-17,0E-15,0E-15,0E-16,5.3800000000000000,5.3800000000000000,295.180,814.800000000000000000,1109.980000000000000000,835.230000000000000,0E-16,835.230000000000000,222.300000000000000,0E-16,222.300000000000000,108.85000000000000000,0.000,108.85000000000000000,67.47000000000000000,0.000,67.47000000000000000,5.81000000000000000,0.000,5.81000000000000000,2.48000000000000000,0.00,2.48000000000000000,2370.0900000000000000,1545.260000000000000000,824.8300000000000000,INITIAL,2025-06-13T04:44:03.000-04:00,2025-06-13T04:44:03.000-04:00,7000-1.1 (Rev. 04-2023)
2025-07-01T03:29:20.000-04:00,2024,20250017,21689,2714,"EASTERN GAS TRANSMISSION AND STORAGE, INC.",925 WHITE OAKS BOULEVARD,BRIDGEPORT,WV,26330,US,HVL,"PENNSYLVANIA, WEST VIRGINIA",WEST VIRGINIA,null,78.30000000000000000,78.30000000000000000,null,null,null,null,null,null,null,null,60203102,null,0.000,78.3010000000000000,0E-16,0E-16,0.00,0E-14,78.3010000000000000,0.00,0E-15,0.00,0.000,0,0,0E-15,0.000,78.3010000000000000,0.000,0E-16,0.00,0E-14,78.3010000000000000,0.000,0E-15,0.000,0.000,0.000,0.000,0E-17,0E-15,0E-15,0E-16,0E-16,0E-16,5.988,0E-18,5.988000000000000000,11.809000000000000,0E-16,11.809000000000000,55.688000000000000,0E-16,55.688000000000000,0.59200000000000000,0.000,0.59200000000000000,0.68400000000000010,0.000,0.68400000000000010,0.77800000000000000,0.000,0.77800000000000000,0.02100000000000000,0.00,0.02100000000000000,75.5600000000000000,75.560000000000000000,0E-16,INITIAL,2025-03-10T10:35:29.000-04:00,2025-03-10T10:35:29.000-04:00,7000-1.1 (Rev. 04-2023)
2025-07-01T03:29:20.000-04:00,2024,20250016,21688,2714,"EASTERN GAS TRANSMISSION AND STORAGE, INC.",925 WHITE OAKS BOULEVARD,BRIDGEPORT,WV,26330,US,Refined and/or Petroleum Product (non-HVL),null,WEST VIRGINIA,null,29.15000000000000000,29.15000000000000000,null,null,null,null,null,0,0,0,0,10451162,0.000,29.1500000000000000,0E-16,0E-16,0.00,0E-14,29.1500000000000000,0.00,0E-15,0.00,0.000,0,0,0E-15,0.000,29.1500000000000000,0.000,0E-16,0.00,0E-14,29.1500000000000000,0.000,0E-15,0.000,0.000,0.000,0.000,0E-17,0E-15,0E-15,0E-16,0E-16,0E-16,0.000,0E-18,0E-18,0E-15,0E-16,0E-15,0E-15,0E-16,0E-15,27.18200000000000000,0.000,27.18200000000000000,0.01300000000000000,0.000,0.01300000000000000,1.90500000000000000,0.000,1.90500000000000000,0E-17,0.00,0E-17,29.1000000000000000,29.100000000000000000,0E-16,INITIAL,2025-03-10T09:55:36.000-04:00,2025-03-10T09:55:36.000-04:00,7000-1.1 (Rev. 04-2023)
2025-07-01T03:29:20.000-04:00,2024,20250696,22423,2730,CHEVRON PRODUCTS COMPANY,6001 BOLLINGER CANYON ROAD,SAN RAMON,CA,94583,US,Refined and/or Petroleum Product (non-HVL),null,OREGON,null,null,0E-17,null,null,null,null,null,null,null,null,null,null,0.000,0E-16,0E-16,0E-16,0.00,0E-14,0E-16,0.00,0E-15,0.00,0.000,0,0,0E-15,0.000,0E-16,0.000,0E-16,0.00,0E-14,0E-16,0.000,0E-15,0.000,0.000,0.000,0.000,0E-17,0E-15,0E-15,0E-16,0E-16,0E-16,0.000,0E-18,0E-18,0E-15,0E-16,0E-15,0E-15,0E-16,0E-15,0E-17,0.000,0E-17,0E-17,0.000,0E-17,0E-17,0.000,0E-17,0E-17,0.00,0E-17,0E-16,0E-18,0E-16,INITIAL,2025-06-17T15:59:56.000-04:00,2025-06-17T15:59:56.000-04:00,7000-1.1 (Rev. 04-2023)
2025-07-01T03:29:20.000-04:00,2024,20250393,22439,2731,CHEVRON PIPE LINE CO,1400 SMITH STREET,HOUSTON,TX,77002,US,Crude Oil,"COLORADO, LOUISIANA, MISSISSIPPI, OCS-Gulf of America, UTAH","CALIFORNIA, TEXAS",0E-15,345.07000000000000000,345.07000000000000000,0,6518756246,null,0,0,0,9172909439,null,0,1863254,0.000,609.5800000000000000,0E-16,0E-16,0.00,0E-14,609.5800000000000000,0.00,163.250000000000000,0.00,0.000,0,0,163.250000000000000,0.000,772.8300000000000000,0.000,0E-16,0.00,0E-14,772.8300000000000000,0.000,0E-15,0.000,0.000,0.000,0.000,0E-17,0E-15,0E-15,0E-16,12.7000000000000000,12.7000000000000000,1.600,0E-18,1.600000000000000000,9.800000000000001,0E-16,9.800000000000001,0E-15,0E-16,0E-15,6.10000000000000000,0.000,6.10000000000000000,23.50000000000000000,0.000,23.50000000000000000,1.00000000000000000,0.000,1.00000000000000000,0E-17,0.00,0E-17,54.7000000000000000,42.000000000000000000,12.7000000000000000,SUPPLEMENTAL,2025-06-11T05:53:31.000-04:00,2025-06-26T04:35:56.000-04:00,7000-1.1 (Rev. 04-2023)
2025-07-01T03:29:20.000-04:00,2024,20250389,22100,2731,CHEVRON PIPE LINE CO,1400 SMITH STREET,HOUSTON,TX,77002,US,HVL,null,"LOUISIANA, TEXAS",0E-15,784.53000000000000000,784.53000000000000000,null,null,null,0,null,null,null,null,28483665350,null,0.000,1085.1000000000000000,0E-16,0E-16,0.00,0E-14,1085.1000000000000000,0.00,0E-15,0.00,0.000,0,0,0E-15,0.000,1085.1000000000000000,0.000,0E-16,0.00,0E-14,1085.1000000000000000,0.000,0E-15,0.000,0.000,0.000,0.000,0E-17,0E-15,0E-15,0E-16,56.5000000000000000,56.5000000000000000,58.100,86.400000000000010000,144.500000000000000000,164.400000000000000,0E-16,164.400000000000000,71.400000000000010,0E-16,71.400000000000010,139.20000000000000000,0.000,139.20000000000000000,43.40000000000000000,0.000,43.40000000000000000,73.20000000000000000,0.000,73.20000000000000000,0E-17,0.00,0E-17,692.6000000000000000,549.700000000000000000,142.9000000000000000,INITIAL,2025-06-11T05:22:36.000-04:00,2025-06-11T05:22:36.000-04:00,7000-1.1 (Rev. 04-2023)
2025-07-01T03:29:20.000-04:00,2024,20250387,22098,2731,CHEVRON PIPE LINE CO,1400 SMITH STREET,HOUSTON,TX,77002,US,Refined and/or Petroleum Product (non-HVL),null,"CALIFORNIA, UTAH",0E-15,268.35000000000000000,268.35000000000000000,null,null,null,null,0,null,null,null,null,3404899360,0.000,268.3500000000000000,0E-16,0E-16,0.00,0E-14,268.3500000000000000,0.00,0E-15,0.00,0.000,0,0,0E-15,0.000,268.3500000000000000,0.000,0E-16,0.00,0E-14,268.3500000000000000,0.000,0E-15,0.000,0.000,0.000,0.000,0E-17,9.900000000000000,9.900000000000000,0E-16,0E-16,0E-16,0.000,86.099999999999990000,86.099999999999990000,33.700000000000000,0E-16,33.700000000000000,1.300000000000000,0E-16,1.300000000000000,11.70000000000000000,0.000,11.70000000000000000,7.10000000000000000,0.000,7.10000000000000000,0.30000000000000000,0.000,0.30000000000000000,0E-17,0.00,0E-17,150.1000000000000000,54.100000000000000000,96.0000000000000000,INITIAL,2025-06-11T05:12:15.000-04:00,2025-06-11T05:12:15.000-04:00,7000-1.1 (Rev. 04-2023)
2025-07-01T03:29:20.000-04:00,2024,20250537,22256,2767,"HARVEST ALASKA, LLC",3800 CENTERPOINT DRIVE,ANCHORAGE,AK,99503,US,Crude Oil,ALASKA,ALASKA,31.630000000000000,73.56000000000000000,105.19000000000000000,null,72625297,null,null,null,null,331509793,null,null,null,0.000,44.0500000000000000,43.9700000000000000,0E-16,0.00,0E-14,88.0200000000000000,0.00,26.880000000000000,4.75,0.000,0,0,31.630000000000000,0.000,70.9300000000000100,48.720,0E-16,0.00,0E-14,119.6500000000000000,0.000,0E-15,0.000,0.000,0.000,0.000,0E-17,0E-15,0E-15,0E-16,0E-16,0E-16,16.140,0E-18,16.140000000000000000,0E-15,0E-16,0E-15,37.230000000000000,0E-16,37.230000000000000,11.51000000000000000,0.000,11.51000000000000000,0E-17,0.000,0E-17,0.06000000000000000,0.000,0.06000000000000000,0E-17,0.00,0E-17,64.9400000000000000,64.940000000000000000,0E-16,INITIAL,2025-06-12T13:11:03.000-04:00,2025-06-12T13:11:03.000-04:00,7000-1.1 (Rev. 04-2023)
2025-07-01T03:29:20.000-04:00,2024,20250673,22398,3445,DIXIE PIPELINE COMPANY LLC,1100 LOUISIANA ST.,HOUSTON,TX,77002,null,HVL,"ALABAMA, GEORGIA, LOUISIANA, MISSISSIPPI, NORTH CAROLINA, SOUTH CAROLINA, TEXAS",null,null,497.13300000000000000,497.13300000000000000,null,null,null,null,null,null,null,null,17483594401,null,0.000,1299.8350000000000000,0E-16,0E-16,0.00,0.00100000000000,1299.8360000000000000,0.00,0E-15,0.00,0.000,0,0,0E-15,0.000,1299.8350000000000000,0.000,0E-16,0.00,0.00100000000000,1299.8360000000000000,0.292,0.090000000000000,0.382,0.000,0.000,0.000,0E-17,0E-15,0E-15,0E-16,0E-16,0E-16,552.534,686.605000000000000000,1239.139000000000000000,7.129000000000000,0.0210000000000000,7.150000000000000,15.959000000000000,0.7290000000000000,16.688000000000000,5.83700000000000000,2.308,8.14500000000000000,14.56700000000000000,3.817,18.38400000000000000,4.18200000000000000,0.918,5.10000000000000000,1.75800000000000000,0.17,1.92800000000000000,1296.9160000000000000,602.258000000000000000,694.6580000000000000,INITIAL,2025-06-14T17:30:29.000-04:00,2025-06-14T17:30:29.000-04:00,7000-1.1 (Rev. 04-2023)
2025-07-01T03:29:20.000-04:00,2024,20250049,21732,3527,DOW PIPELINE LLC,1000 COUNTY ROAD 340,ANGLETON,TX,77515,US,HVL,null,TEXAS,null,302.77000000000000000,302.77000000000000000,null,null,null,null,null,null,null,null,7024715429,null,0.000,479.9000000000000000,0E-16,0E-16,0.00,0E-14,479.9000000000000000,0.00,0E-15,0.00,0.000,0,0,0E-15,0.000,479.9000000000000000,0.000,0E-16,0.00,0E-14,479.9000000000000000,0.100,39.620000000000000,39.720,0.000,0.000,0.000,0E-17,79.290000000000010,79.290000000000010,0E-16,10.2400000000000000,10.2400000000000000,0.180,34.410000000000000000,34.590000000000000000,90.000000000000000,15.9300000000000000,105.930000000000000,0.830000000000000,0E-16,0.830000000000000,4.04000000000000000,0.000,4.04000000000000000,0.90000000000000000,0.180,1.08000000000000000,115.40000000000000000,0.700,116.10000000000000000,0.34000000000000000,0.01,0.35000000000000000,392.1700000000000000,211.790000000000000000,180.3800000000000000,INITIAL,2025-04-01T10:03:10.000-04:00,2025-04-01T10:03:10.000-04:00,7000-1.1 (Rev. 04-2023)
2025-07-01T03:29:20.000-04:00,2024,20250045,21723,3535,DOW PIPELINE LLC,1000 COUNTY ROAD 340,ANGLETON,TX,77515,US,HVL,null,LOUISIANA,null,71.00000000000000000,71.00000000000000000,null,null,null,null,null,null,null,null,2255684016,null,0.000,197.4300000000000000,0E-16,0E-16,0.00,0E-14,197.4300000000000000,0.00,0E-15,0.00,0.000,0,0,0E-15,0.000,197.4300000000000000,0.000,0E-16,0.00,0E-14,197.4300000000000000,0.000,0.050000000000000,0.050,0.000,0.000,0.000,0E-17,0E-15,0E-15,0E-16,0E-16,0E-16,0.000,61.720000000000000000,61.720000000000000000,42.330000000000000,0E-16,42.330000000000000,56.430000000000000,0E-16,56.430000000000000,0E-17,0.000,0E-17,36.89000000000000000,0.000,36.89000000000000000,0E-17,0.000,0E-17,0E-17,0.00,0E-17,197.4200000000000000,135.650000000000000000,61.7700000000000000,INITIAL,2025-03-25T13:37:34.000-04:00,2025-03-25T13:37:34.000-04:00,7000-1.1 (Rev. 04-2023)
2025-07-01T03:29:20.000-04:00,2024,20250454,22167,4430,VALERO TERMINALING AND DISTRIBUTION COMPANY,ONE VALERO WAY,SAN ANTONIO,TX,78249,US,Crude Oil,"ILLINOIS, OKLAHOMA, TENNESSEE, TEXAS",TEXAS,null,5.17600000000000000,5.17600000000000000,null,null,null,null,null,null,167687758,null,null,null,0.000,5.3540000000000000,0E-16,0E-16,0.00,0E-14,5.3540000000000000,0.00,0E-15,0.00,0.000,0,0,0E-15,0.000,5.3540000000000000,0.000,0E-16,0.00,0E-14,5.3540000000000000,0.000,0E-15,0.000,0.000,0.000,0.000,0E-17,0E-15,0E-15,0E-16,0E-16,0E-16,0.000,0E-18,0E-18,0E-15,0E-16,0E-15,0E-15,0E-16,0E-15,0E-17,0.000,0E-17,0E-17,0.000,0E-17,2.05700000000000000,0.000,2.05700000000000000,0E-17,0.00,0E-17,2.0570000000000000,2.057000000000000000,0E-16,INITIAL,2025-06-12T04:43:32.000-04:00,2025-06-12T04:43:32.000-04:00,7000-1.1 (Rev. 04-2023)
2025-07-01T03:29:20.000-04:00,2024,20250448,22161,4430,VALERO TERMINALING AND DISTRIBUTION COMPANY,ONE VALERO WAY,SAN ANTONIO,TX,78249,US,HVL,TEXAS,TEXAS,null,37.63500000000000000,37.63500000000000000,null,null,null,null,null,null,null,null,188751997,null,0.000,94.1970000000000000,0E-16,0E-16,0.00,0E-14,94.1970000000000000,0.00,0E-15,0.00,0.000,0,0,0E-15,0.000,94.1970000000000000,0.000,0E-16,0.00,0E-14,94.1970000000000000,0.000,0E-15,0.000,0.000,0.000,0.000,0E-17,0E-15,0E-15,0E-16,0E-16,0E-16,52.986,0E-18,52.986000000000000000,0E-15,0E-16,0E-15,4.481000000000000,0E-16,4.481000000000000,1.62700000000000000,0.000,1.62700000000000000,0E-17,0.000,0E-17,0.70500000000000000,0.000,0.70500000000000000,0.36500000000000000,0.00,0.36500000000000000,60.1640000000000000,60.164000000000000000,0E-16,INITIAL,2025-06-12T04:21:55.000-04:00,2025-06-12T04:21:55.000-04:00,7000-1.1 (Rev. 04-2023)
2025-07-01T03:29:20.000-04:00,2024,20250456,22169,4430,VALERO TERMINALING AND DISTRIBUTION COMPANY,ONE VALERO WAY,SAN ANTONIO,TX,78249,US,Refined and/or Petroleum Product (non-HVL),"ILLINOIS, INDIANA, KENTUCKY","TENNESSEE, TEXAS",null,23.26400000000000000,23.26400000000000000,null,null,null,null,null,null,null,null,null,1002659792,0.000,85.4100000000000000,0E-16,0E-16,0.00,0E-14,85.4100000000000000,0.00,0E-15,0.00,0.000,0,0,0E-15,0.000,85.4100000000000000,0.000,0E-16,0.00,0E-14,85.4100000000000000,0.000,0E-15,0.000,0.000,0.000,0.000,0E-17,0E-15,0E-15,0E-16,10.6970000000000000,10.6970000000000000,0.000,0E-18,0E-18,0E-15,0E-16,0E-15,0.193000000000000,0E-16,0.193000000000000,0.16700000000000000,0.000,0.16700000000000000,3.71200000000000000,0.000,3.71200000000000000,69.29200000000000000,0.000,69.29200000000000000,0.59900000000000000,0.00,0.59900000000000000,84.6600000000000000,73.962999999999990000,10.6970000000000000,INITIAL,2025-06-12T04:50:44.000-04:00,2025-06-12T04:50:44.000-04:00,7000-1.1 (Rev. 04-2023)
2025-07-01T03:29:20.000-04:00,2024,20250080,21766,4461,"EOG RESOURCES, INC",1111 BAGBY ST.,HOUSTON,TX,77002,US,Crude Oil,null,"NEW MEXICO, TEXAS, WYOMING",null,5.25000000000000000,5.25000000000000000,null,null,null,null,null,null,1304296460,null,null,null,0.000,52.4550000000000000,0E-16,0E-16,0.00,0E-14,52.4550000000000000,0.00,0E-15,0.00,0.000,0,0,0E-15,0.000,52.4550000000000000,0.000,0E-16,0.00,0E-14,52.4550000000000000,0.000,0E-15,0.000,0.000,0.000,0.000,0E-17,0E-15,0E-15,0E-16,0E-16,0E-16,0.000,0E-18,0E-18,0E-15,0E-16,0E-15,0E-15,0E-16,0E-15,0E-17,0.000,0E-17,0E-17,0.000,0E-17,52.45500000000000000,0.000,52.45500000000000000,0E-17,0.00,0E-17,52.4550000000000000,52.455000000000000000,0E-16,INITIAL,2025-05-05T09:35:57.000-04:00,2025-05-05T09:35:57.000-04:00,7000-1.1 (Rev. 04-2023)
2025-07-01T03:29:20.000-04:00,2024,20250200,22196,4472,CYPRESS INTERSTATE PIPELINE LLC,"1001 LOUISIANA ST., SUITE 1000",HOUSTON,TX,77002,US,HVL,"LOUISIANA, TEXAS",null,null,78.97600000000000000,78.97600000000000000,null,null,null,null,null,null,null,null,1966288835,null,0.000,104.3350000000000000,0E-16,0E-16,0.00,0E-14,104.3350000000000000,0.00,0E-15,0.00,0.000,0,0,0E-15,0.000,104.3350000000000000,0.000,0E-16,0.00,0E-14,104.3350000000000000,0.000,0E-15,0.000,0.000,0.000,0.000,0E-17,0E-15,0E-15,0E-16,0E-16,0E-16,0.000,0E-18,0E-18,0E-15,0E-16,0E-15,0E-15,0E-16,0E-15,104.33500000000000000,0.000,104.33500000000000000,0E-17,0.000,0E-17,0E-17,0.000,0E-17,0E-17,0.00,0E-17,104.3350000000000000,104.335000000000000000,0E-16,SUPPLEMENTAL,2025-06-02T11:14:20.000-04:00,2025-06-12T06:51:22.000-04:00,7000-1.1 (Rev. 04-2023)
2025-07-01T03:29:20.000-04:00,2024,20250434,22145,4805,EXPLORER PIPELINE CO,PO Box 2650,TULSA,OK,74101,US,Refined and/or Petroleum Product (non-HVL),"ILLINOIS, INDIANA, MISSOURI, OKLAHOMA, TEXAS",null,null,1703.11000000000000000,1703.11000000000000000,null,null,null,null,null,0,0,0,0,127982495725,0.000,1868.0500000000000000,0E-16,0E-16,0.00,0E-14,1868.0500000000000000,0.00,0E-15,0.00,0.000,0,0,0E-15,0.000,1868.0500000000000000,0.000,0E-16,0.00,0E-14,1868.0500000000000000,0.000,0E-15,0.000,0.000,0.000,0.000,0E-17,1.900000000000000,1.900000000000000,0E-16,5.2400000000000000,5.2400000000000000,11.890,2.300000000000000000,14.190000000000000000,557.320000000000100,0E-16,557.320000000000100,11.320000000000000,0E-16,11.320000000000000,31.31000000000000000,0.000,31.31000000000000000,8.77999999999999900,0.000,8.77999999999999900,39.87000000000000000,0.000,39.87000000000000000,47.58000000000000000,0.00,47.58000000000000000,717.5100000000000000,708.070000000000100000,9.4400000000000000,INITIAL,2025-06-11T11:49:20.000-04:00,2025-06-11T11:49:20.000-04:00,7000-1.1 (Rev. 04-2023)
2025-07-01T03:29:20.000-04:00,2024,20250665,22389,4906,EXXONMOBIL PIPELINE COMPANY LLC,22777 SPRINGWOODS VILLAGE PARKWAY,SPRING,TX,77389,US,Crude Oil,"LOUISIANA, NEW MEXICO, OCS-Gulf of America, TEXAS",TEXAS,80.410000000000000,123.96000000000000000,204.37000000000000000,null,123248756,null,null,null,null,15410367497,null,null,null,0.000,284.0700000000000000,0E-16,0E-16,0.00,0E-14,284.0700000000000000,0.00,152.530000000000000,0.00,0.000,0,0,152.530000000000000,0.000,436.6000000000000000,0.000,0E-16,0.00,0E-14,436.6000000000000000,0.000,0E-15,0.000,0.000,0.000,0.000,0E-17,0E-15,0E-15,0E-16,0E-16,0E-16,0.000,0E-18,0E-18,0E-15,0E-16,0E-15,0.730000000000000,0E-16,0.730000000000000,57.94000000000000000,0.000,57.94000000000000000,76.23999999999999000,0.000,76.23999999999999000,0.41000000000000000,0.000,0.41000000000000000,1.46000000000000000,0.00,1.46000000000000000,136.7800000000000000,136.780000000000000000,0E-16,INITIAL,2025-06-14T11:51:53.000-04:00,2025-06-14T11:51:53.000-04:00,7000-1.1 (Rev. 04-2023)
2025-07-01T03:29:20.000-04:00,2024,20250663,22387,4906,EXXONMOBIL PIPELINE COMPANY LLC,22777 SPRINGWOODS VILLAGE PARKWAY,SPRING,TX,77389,US,HVL,null,"LOUISIANA, TEXAS",null,803.10000000000000000,803.10000000000000000,null,null,null,null,null,null,null,null,2908922576,null,0.000,1345.5600000000000000,0E-16,0E-16,0.00,0E-14,1345.5600000000000000,0.00,0E-15,0.00,0.000,0,0,0E-15,0.000,1345.5600000000000000,0.000,0E-16,0.00,0E-14,1345.5600000000000000,0.000,1.030000000000000,1.030,0.000,0.000,0.000,0E-17,0E-15,0E-15,0E-16,72.0000000000000000,72.0000000000000000,4.580,99.560000000000000000,104.140000000000000000,4.820000000000000,302.7300000000000000,307.550000000000000,174.690000000000000,0E-16,174.690000000000000,252.74000000000000000,0.000,252.74000000000000000,13.56000000000000000,0.000,13.56000000000000000,2.52000000000000000,0.000,2.52000000000000000,0.61000000000000000,0.00,0.61000000000000000,928.8400000000000000,453.520000000000000000,475.3200000000000000,INITIAL,2025-06-14T11:49:07.000-04:00,2025-06-14T11:49:07.000-04:00,7000-1.1 (Rev. 04-2023)
2025-07-01T03:29:20.000-04:00,2024,20250664,22388,4906,EXXONMOBIL PIPELINE COMPANY LLC,22777 SPRINGWOODS VILLAGE PARKWAY,SPRING,TX,77389,US,Refined and/or Petroleum Product (non-HVL),"ILLINOIS, LOUISIANA, TEXAS","LOUISIANA, TEXAS",null,167.51000000000000000,167.51000000000000000,null,null,null,null,null,null,null,null,null,4438768891,0.000,619.6000000000000000,0E-16,0E-16,0.00,0E-14,619.6000000000000000,0.00,0E-15,0.00,0.000,0,0,0E-15,0.000,619.6000000000000000,0.000,0E-16,0.00,0E-14,619.6000000000000000,0.000,0.230000000000000,0.230,0.000,0.000,0.000,0E-17,0.010000000000000,0.010000000000000,0E-16,2.3300000000000000,2.3300000000000000,49.310,188.300000000000000000,237.610000000000000000,2.050000000000000,11.9800000000000000,14.030000000000000,40.180000000000000,0E-16,40.180000000000000,27.26000000000000000,0.000,27.26000000000000000,9.50000000000000000,0.000,9.50000000000000000,2.80000000000000000,0.000,2.80000000000000000,10.12000000000000000,0.00,10.12000000000000000,344.0700000000000000,141.220000000000000000,202.8500000000000000,INITIAL,2025-06-14T11:50:33.000-04:00,2025-06-14T11:50:33.000-04:00,7000-1.1 (Rev. 04-2023)
2025-07-01T03:29:20.000-04:00,2024,20250214,21919,4908,"EXXONMOBIL PRODUCTION COMPANY, A DIVISION OF EXXON MOBIL CORPORATION",22777 SPRINGWOODS VILLAGE PARKWAY,SPRING,TX,77389,US,CO2,null,WYOMING,null,17.20000000000000000,17.20000000000000000,null,null,null,null,null,19596873780,null,null,null,null,0.000,160.4800000000000000,0E-16,0E-16,0.00,0E-14,160.4800000000000000,0.00,0E-15,0.00,0.000,0,0,0E-15,0.000,160.4800000000000000,0.000,0E-16,0.00,0E-14,160.4800000000000000,0.000,0E-15,0.000,0.000,0.000,0.000,0E-17,0E-15,0E-15,0E-16,0E-16,0E-16,0.000,0E-18,0E-18,0E-15,0E-16,0E-15,0E-15,0E-16,0E-15,0E-17,0.000,0E-17,0E-17,0.000,0E-17,0E-17,0.000,0E-17,0E-17,0.00,0E-17,0E-16,0E-18,0E-16,INITIAL,2025-06-03T08:04:27.000-04:00,2025-06-03T08:04:27.000-04:00,7000-1.1 (Rev. 04-2023)
2025-07-01T03:29:20.000-04:00,2024,20250555,22275,5081,"COFFEYVILLE RESOURCES CRUDE TRANSPORTATION, LLC",2277 PLAZA DRIVE,SUGAR LAND,TX,77479,US,Crude Oil,"KANSAS, OKLAHOMA","KANSAS, OKLAHOMA",null,302.08000000000000000,302.08000000000000000,null,null,null,null,null,null,2573548740,null,null,null,0.000,0E-16,0E-16,0E-16,0.00,0E-14,0E-16,0.00,0E-15,0.00,0.000,0,0,0E-15,0.000,0E-16,0.000,0E-16,0.00,0E-14,0E-16,0.000,0E-15,0.000,0.000,112.580,112.580,0E-17,267.610000000000000,267.610000000000000,0E-16,56.1800000000000000,56.1800000000000000,0.000,30.860000000000000000,30.860000000000000000,1.870000000000000,0E-16,1.870000000000000,0.580000000000000,0E-16,0.580000000000000,27.34000000000000000,0.000,27.34000000000000000,53.35000000000000000,0.000,53.35000000000000000,59.71000000000000000,0.000,59.71000000000000000,0.85000000000000000,0.00,0.85000000000000000,610.9299999999999000,143.700000000000000000,467.2300000000000000,INITIAL,2025-06-13T05:20:43.000-04:00,2025-06-13T05:20:43.000-04:00,7000-1.1 (Rev. 04-2023)
2025-07-01T03:29:20.000-04:00,2024,20250146,21845,6911,TRECORA PIPELINE LLC,7752 WEST FM 418/ PO BOX 1636,SILSBEE,TX,77656,US,Refined and/or Petroleum Product (non-HVL),null,TEXAS,null,5.58000000000000000,5.58000000000000000,null,null,null,null,null,null,null,null,null,59523552,0.000,54.7700000000000000,0E-16,0E-16,0.00,0E-14,54.7700000000000000,0.00,0E-15,0.00,0.000,0,0,0E-15,0.000,54.7700000000000000,0.000,0E-16,0.00,0E-14,54.7700000000000000,0.000,0E-15,0.000,0.000,0.000,0.000,0E-17,0E-15,0E-15,0E-16,0E-16,0E-16,0.000,0E-18,0E-18,3.690000000000000,0E-16,3.690000000000000,0E-15,0E-16,0E-15,0E-17,0.000,0E-17,0E-17,0.000,0E-17,28.82000000000000000,0.000,28.82000000000000000,22.26000000000000000,0.00,22.26000000000000000,54.7700000000000000,54.770000000000000000,0E-16,INITIAL,2025-05-23T08:57:29.000-04:00,2025-05-23T08:57:29.000-04:00,7000-1.1 (Rev. 04-2023)
2025-07-01T03:29:20.000-04:00,2024,20250237,21942,7063,HARBOR PIPELINE CO,1300 MAIN STREET,HOUSTON,TX,77002,US,Refined and/or Petroleum Product (non-HVL),NEW JERSEY,null,null,74.05000000000000000,74.05000000000000000,null,null,null,null,null,0,0,0,0,0,0.000,80.4400000000000000,0E-16,0E-16,0.00,0E-14,80.4400000000000000,0.00,0E-15,0.00,0.000,0,0,0E-15,0.000,80.4400000000000000,0.000,0E-16,0.00,0E-14,80.4400000000000000,0.000,0E-15,0.000,0.000,0.000,0.000,0E-17,0E-15,0E-15,0E-16,0E-16,0E-16,0.000,0E-18,0E-18,0.060000000000000,0E-16,0.060000000000000,0.450000000000000,0E-16,0.450000000000000,0.07000000000000001,0.000,0.07000000000000001,0.07000000000000001,0.000,0.07000000000000001,3.04000000000000000,0.000,3.04000000000000000,0.24000000000000000,0.00,0.24000000000000000,3.9300000000000000,3.930000000000000000,0E-16,INITIAL,2025-06-05T04:05:44.000-04:00,2025-06-05T04:05:44.000-04:00,7000-1.1 (Rev. 04-2023)
2025-07-01T03:29:20.000-04:00,2024,20250301,22009,7660,HUNT CRUDE OIL SUPPLY CO,2200 JACK WARNER PARKWAY,TUSCALOOSA,AL,35401,US,Crude Oil,"ALABAMA, MISSISSIPPI",ALABAMA,null,64.34000000000000000,64.34000000000000000,null,null,null,null,null,null,2056856167,null,null,null,0.000,233.0400000000000000,0E-16,0E-16,0.00,0E-14,233.0400000000000000,0.00,0E-15,0.00,0.000,0,0,0E-15,0.000,233.0400000000000000,0.000,0E-16,0.00,0E-14,233.0400000000000000,0.000,0E-15,0.000,0.000,0.000,0.000,0E-17,0E-15,0E-15,0E-16,0E-16,0E-16,0.000,55.160000000000000000,55.160000000000000000,126.240000000000000,0E-16,126.240000000000000,0E-15,0E-16,0E-15,42.40000000000000000,0.000,42.40000000000000000,7.61000000000000000,0.000,7.61000000000000000,1.63000000000000000,0.000,1.63000000000000000,0E-17,0.00,0E-17,233.0400000000000000,177.880000000000000000,55.1600000000000000,INITIAL,2025-06-09T06:23:13.000-04:00,2025-06-09T06:23:13.000-04:00,7000-1.1 (Rev. 04-2023)
2025-07-01T03:29:20.000-04:00,2024,20250228,21933,8014,IDAHO PIPELINE CORP,POB 15770,SARASOTA,FL,34277,US,Refined and/or Petroleum Product (non-HVL),null,IDAHO,null,2.32000000000000000,2.32000000000000000,null,null,null,null,null,null,null,null,null,160512,0.000,2.3200000000000000,0E-16,0E-16,0.00,0E-14,2.3200000000000000,0.00,0E-15,0.00,0.000,0,0,0E-15,0.000,2.3200000000000000,0.000,0E-16,0.00,0E-14,2.3200000000000000,0.000,0E-15,0.000,0.000,0.000,0.000,0E-17,0E-15,0E-15,0E-16,0E-16,0E-16,0.000,0E-18,0E-18,0E-15,0E-16,0E-15,2.320000000000000,0E-16,2.320000000000000,0E-17,0.000,0E-17,0E-17,0.000,0E-17,0E-17,0.000,0E-17,0E-17,0.00,0E-17,2.3200000000000000,2.320000000000000000,0E-16,INITIAL,2025-06-04T06:12:04.000-04:00,2025-06-04T06:12:04.000-04:00,7000-1.1 (Rev. 04-2023)
2025-07-01T03:29:20.000-04:00,2024,20250083,21769,8175,INTERSTATE STORAGE & PIPELINE C0,"400 AMHERST STREET, SUITE 405",NASHUA,NH,03063,null,Refined and/or Petroleum Product (non-HVL),null,NEW JERSEY,null,7.34000000000000000,7.34000000000000000,null,null,null,null,null,0,0,0,0,6673298,0.000,11.5200000000000000,0E-16,0E-16,0.00,0E-14,11.5200000000000000,0.00,0E-15,0.00,0.000,0,0,0E-15,0.000,11.5200000000000000,0.000,0E-16,0.00,0E-14,11.5200000000000000,0.000,0E-15,0.000,0.000,0.000,0.000,0E-17,0E-15,0E-15,0E-16,0E-16,0E-16,0.000,11.250000000000000000,11.250000000000000000,0E-15,0E-16,0E-15,0E-15,0E-16,0E-15,0E-17,0.000,0E-17,0E-17,0.000,0E-17,0E-17,0.000,0E-17,0E-17,0.00,0E-17,11.2500000000000000,0E-18,11.2500000000000000,INITIAL,2025-05-06T09:58:39.000-04:00,2025-05-06T09:58:39.000-04:00,7000-1.1 (Rev. 04-2023)
2025-07-01T03:29:20.000-04:00,2024,20250065,21751,9175,JAYHAWK PIPELINE LLC,2000 S. MAIN,MCPHERSON,KS,67460,null,Crude Oil,"KANSAS, NEBRASKA, OKLAHOMA, TEXAS",KANSAS,null,203.85000000000000000,203.85000000000000000,null,null,null,null,null,0,5671840069,0,0,0,0.000,773.2400000000000000,0E-16,0E-16,0.00,0E-14,773.2400000000000000,0.00,0E-15,0.00,0.000,0,0,0E-15,0.000,773.2400000000000000,0.000,0E-16,0.00,0E-14,773.2400000000000000,0.000,0E-15,0.000,0.000,0.000,0.000,0E-17,0E-15,0E-15,0E-16,321.2200000000000000,321.2200000000000000,0.000,74.830000000000000000,74.830000000000000000,0E-15,79.5999999999999900,79.599999999999990,0E-15,0E-16,0E-15,44.06000000000000000,0.000,44.06000000000000000,86.42000000000000000,0.000,86.42000000000000000,103.20000000000000000,0.000,103.20000000000000000,63.90000000000000000,0.00,63.90000000000000000,773.2300000000000000,297.580000000000000000,475.6500000000000000,SUPPLEMENTAL,2025-04-23T08:43:25.000-04:00,2025-04-23T08:58:24.000-04:00,7000-1.1 (Rev. 04-2023)
2025-07-01T03:29:20.000-04:00,2024,20250635,22357,10012,NUSTAR PIPELINE OPERATING PARTNERSHIP L.P.,8111 WESTCHESTER DRIVE,DALLAS,TX,75225,US,HVL,"ARKANSAS, ILLINOIS, INDIANA, IOWA, KANSAS, LOUISIANA, MISSOURI, NEBRASKA, SOUTH DAKOTA",null,null,2008.63000000000000000,2008.63000000000000000,null,null,null,null,null,null,null,null,20950738085,null,0.000,2312.6400000000000000,0E-16,0E-16,0.00,0E-14,2312.6400000000000000,0.00,0E-15,0.00,0.000,0,0,0E-15,0.000,2312.6400000000000000,0.000,0E-16,0.00,0E-14,2312.6400000000000000,0.000,0.100000000000000,0.100,0.000,0.000,0.000,0E-17,0E-15,0E-15,0E-16,139.0000000000000000,139.0000000000000000,220.080,0.560000000000000100,220.640000000000000000,1571.410000000000000,0E-16,1571.410000000000000,3.050000000000000,0E-16,3.050000000000000,21.90000000000000000,0.000,21.90000000000000000,9.60999999999999900,0.000,9.60999999999999900,62.91000000000000000,0.000,62.91000000000000000,57.25000000000000000,0.00,57.25000000000000000,2085.8700000000000000,1946.210000000000000000,139.6600000000000000,INITIAL,2025-06-13T13:17:16.000-04:00,2025-06-13T13:17:16.000-04:00,7000-1.1 (Rev. 04-2023)
2025-07-01T03:29:20.000-04:00,2024,20250636,22358,10012,NUSTAR PIPELINE OPERATING PARTNERSHIP L.P.,8111 WESTCHESTER DRIVE,DALLAS,TX,75225,US,Refined and/or Petroleum Product (non-HVL),"IOWA, KANSAS, MINNESOTA, NEBRASKA, NORTH DAKOTA, SOUTH DAKOTA",WYOMING,null,967.01000000000000000,967.01000000000000000,null,null,null,null,null,null,null,null,null,5065392556,0.000,2204.8900000000000000,0E-16,0E-16,0.00,0E-14,2204.8900000000000000,0.00,0E-15,0.00,0.000,0,0,0E-15,0.000,2204.8900000000000000,0.000,0E-16,0.00,0E-14,2204.8900000000000000,0.760,0.290000000000000,1.050,0.000,0.000,0.000,0E-17,0.880000000000000,0.880000000000000,12.6700000000000000,32.3100000000000000,44.9800000000000000,417.300,144.550000000000000000,561.850000000000000000,3.840000000000000,36.5400000000000000,40.380000000000000,352.160000000000000,0E-16,352.160000000000000,20.57000000000000000,0.000,20.57000000000000000,34.02000000000000000,0.000,34.02000000000000000,20.07000000000000000,0.000,20.07000000000000000,15.26000000000000000,0.00,15.26000000000000000,1091.2200000000000000,876.650000000000000000,214.5700000000000000,INITIAL,2025-06-13T13:20:58.000-04:00,2025-06-13T13:20:58.000-04:00,7000-1.1 (Rev. 04-2023)
2025-07-01T03:29:20.000-04:00,2024,20250586,22308,10250,KIANTONE PIPELINE CORP,PO BOX 780,WARREN,PA,16365,US,Crude Oil,"NEW YORK, PENNSYLVANIA",null,null,84.79000000000001000,84.79000000000001000,null,null,null,null,null,null,2314676076,null,null,null,0.000,111.5500000000000000,0E-16,0E-16,0.00,0E-14,111.5500000000000000,0.00,0E-15,0.00,0.000,0,0,0E-15,0.000,111.5500000000000000,0.000,0E-16,0.00,0E-14,111.5500000000000000,0.000,0E-15,0.000,0.000,0.000,0.000,0E-17,0E-15,0E-15,0E-16,0E-16,0E-16,0.000,18.360000000000000000,18.360000000000000000,82.220000000000000,0E-16,82.220000000000000,0.100000000000000,0E-16,0.100000000000000,0.04000000000000000,0.000,0.04000000000000000,0.22000000000000000,0.000,0.22000000000000000,0.48000000000000000,0.000,0.48000000000000000,3.50000000000000000,0.00,3.50000000000000000,104.9200000000000000,86.560000000000000000,18.3600000000000000,INITIAL,2025-06-13T09:04:43.000-04:00,2025-06-13T09:04:43.000-04:00,7000-1.1 (Rev. 04-2023)
2025-07-01T03:29:20.000-04:00,2024,20250412,22123,10250,KIANTONE PIPELINE CORP,PO BOX 780,WARREN,PA,16365,US,Refined and/or Petroleum Product (non-HVL),null,PENNSYLVANIA,null,2.93000000000000000,2.93000000000000000,null,null,null,null,null,null,null,null,null,1866734,0.000,6.6600000000000000,0E-16,0E-16,0.00,0E-14,6.6600000000000000,0.00,0E-15,0.00,0.000,0,0,0E-15,0.000,6.6600000000000000,0.000,0E-16,0.00,0E-14,6.6600000000000000,0.000,0E-15,0.000,0.000,0.000,0.000,0E-17,0E-15,0E-15,0E-16,0E-16,0E-16,0.000,0E-18,0E-18,4.315000000000000,0E-16,4.315000000000000,0.307000000000000,0E-16,0.307000000000000,0.09800000000000000,0.000,0.09800000000000000,1.31400000000000000,0.000,1.31400000000000000,0.03500000000000000,0.000,0.03500000000000000,0.59100000000000000,0.00,0.59100000000000000,6.6600000000000000,6.660000000000000000,0E-16,INITIAL,2025-06-11T09:05:30.000-04:00,2025-06-11T09:05:30.000-04:00,7000-1.1 (Rev. 04-2023)
2025-07-01T03:29:20.000-04:00,2024,20250071,21757,10346,KUPARUK TRANSPORTATION CO,PO BOX 100360,ANCHORAGE,AK,99501,US,Crude Oil,ALASKA,null,null,36.86400000000000000,36.86400000000000000,null,null,null,null,null,null,2568799384,null,null,null,0.000,0E-16,29.1940000000000000,7.6700000000000000,0.00,0E-14,36.8640000000000000,0.00,0E-15,0.00,0.000,0,0,0E-15,0.000,0E-16,29.194,7.6700000000000000,0.00,0E-14,36.8640000000000000,0.000,0E-15,0.000,0.000,0.000,0.000,0E-17,0E-15,0E-15,0E-16,0E-16,0E-16,0.000,0E-18,0E-18,0E-15,0E-16,0E-15,0E-15,0E-16,0E-15,0E-17,0.000,0E-17,0E-17,0.000,0E-17,0E-17,0.000,0E-17,0E-17,0.00,0E-17,0E-16,0E-18,0E-16,INITIAL,2025-04-25T16:55:18.000-04:00,2025-04-25T16:55:18.000-04:00,7000-1.1 (Rev. 04-2023)
2025-07-01T03:29:20.000-04:00,2024,20250035,21710,11032,SPIRE MISSOURI INC. EAST,700 MARKET STREET,SAINT LOUIS,MO,63101,US,HVL,"ILLINOIS, MISSOURI",null,null,31.76600000000000000,31.76600000000000000,null,null,null,null,null,null,null,null,86765234,null,0.000,31.7660000000000000,0E-16,0E-16,0.00,0E-14,31.7660000000000000,0.00,0E-15,0.00,0.000,0,0,0E-15,0.000,31.7660000000000000,0.000,0E-16,0.00,0E-14,31.7660000000000000,0.000,0E-15,0.000,0.000,0.000,0.000,0E-17,0E-15,0E-15,0E-16,0E-16,0E-16,25.413,0E-18,25.413000000000000000,4.187000000000000,0E-16,4.187000000000000,1.730000000000000,0E-16,1.730000000000000,0E-17,0.000,0E-17,0.25500000000000000,0.000,0.25500000000000000,0.18100000000000000,0.000,0.18100000000000000,0E-17,0.00,0E-17,31.7660000000000000,31.766000000000000000,0E-16,INITIAL,2025-03-14T10:47:26.000-04:00,2025-03-14T10:47:26.000-04:00,7000-1.1 (Rev. 04-2023)
2025-07-01T03:29:20.000-04:00,2024,20250507,22226,11169,"ENBRIDGE ENERGY, LIMITED PARTNERSHIP","915 N ELDRIDGE PARKWAY, SUITE 1100",HOUSTON,TX,77079,US,Crude Oil,"ILLINOIS, INDIANA, MICHIGAN, MINNESOTA, NORTH DAKOTA, WISCONSIN",null,null,2274.03400000000000000,2274.03400000000000000,null,null,null,null,null,0,868909495730,0,18126602773,0,0.000,4679.5880000000000000,0E-16,0E-16,0.00,0E-14,4679.5880000000000000,0.00,0E-15,0.00,0.000,0,0,0E-15,0.000,4679.5880000000000000,0.000,0E-16,0.00,0E-14,4679.5880000000000000,0.000,0E-15,0.000,0.000,0.000,0.000,0E-17,0E-15,0E-15,0E-16,0E-16,0E-16,0.000,0E-18,0E-18,0E-15,0E-16,0E-15,0E-15,0E-16,0E-15,460.61800000000000000,0.000,460.61800000000000000,163.03200000000000000,0.000,163.03200000000000000,0.61800000000000000,0.000,0.61800000000000000,0.10700000000000000,0.00,0.10700000000000000,624.3750000000000000,624.375000000000000000,0E-16,INITIAL,2025-06-12T11:19:28.000-04:00,2025-06-12T11:19:28.000-04:00,7000-1.1 (Rev. 04-2023)
2025-07-01T03:29:20.000-04:00,2024,20250506,22225,11169,"ENBRIDGE ENERGY, LIMITED PARTNERSHIP","915 N ELDRIDGE PARKWAY, SUITE 1100",HOUSTON,TX,77079,US,HVL,"MINNESOTA, NORTH DAKOTA, WISCONSIN",null,null,176.18800000000000000,176.18800000000000000,null,null,null,null,null,0,5473004927,0,9605645806,0,0.000,325.8500000000000000,0E-16,0E-16,0.00,0E-14,325.8500000000000000,0.00,0E-15,0.00,0.000,0,0,0E-15,0.000,325.8500000000000000,0.000,0E-16,0.00,0E-14,325.8500000000000000,0.000,0E-15,0.000,0.000,0.000,0.000,0E-17,0E-15,0E-15,0E-16,189.7970000000000000,189.7970000000000000,0.000,0E-18,0E-18,0.044000000000000,0E-16,0.044000000000000,0E-15,0E-16,0E-15,136.00900000000000000,0.000,136.00900000000000000,0E-17,0.000,0E-17,0E-17,0.000,0E-17,0E-17,0.00,0E-17,325.8500000000000000,136.053000000000000000,189.7970000000000000,INITIAL,2025-06-12T11:17:26.000-04:00,2025-06-12T11:17:26.000-04:00,7000-1.1 (Rev. 04-2023)
2025-07-01T03:29:20.000-04:00,2024,20250130,21827,11272,LAVACA PIPELINE CO,"103 FANNIN ROAD, PO BOX 769",POINT COMFORT,TX,77978,US,HVL,null,TEXAS,null,4.30000000000000000,4.30000000000000000,null,null,null,null,null,null,null,null,156128041,null,0.000,54.9100000000000000,0E-16,0E-16,0.00,0E-14,54.9100000000000000,0.00,0E-15,0.00,0.000,0,0,0E-15,0.000,54.9100000000000000,0.000,0E-16,0.00,0E-14,54.9100000000000000,0.000,0E-15,0.000,0.000,0.000,0.000,0E-17,0E-15,0E-15,0E-16,0E-16,0E-16,0.000,0E-18,0E-18,0E-15,0E-16,0E-15,0E-15,0E-16,0E-15,35.05000000000000000,0.000,35.05000000000000000,10.93000000000000000,0.000,10.93000000000000000,0E-17,0.000,0E-17,0E-17,0.00,0E-17,45.9800000000000000,45.980000000000000000,0E-16,INITIAL,2025-05-21T10:00:15.000-04:00,2025-05-21T10:00:15.000-04:00,7000-1.1 (Rev. 04-2023)
2025-07-01T03:29:20.000-04:00,2024,20250129,21828,11272,LAVACA PIPELINE CO,"103 FANNIN ROAD, PO BOX 769",POINT COMFORT,TX,77978,US,Refined and/or Petroleum Product (non-HVL),null,TEXAS,null,5.08000000000000000,5.08000000000000000,null,null,null,null,null,null,null,null,null,1795449,0.000,0E-16,0E-16,0E-16,0.00,0E-14,0E-16,0.00,0E-15,0.00,0.000,0,0,0E-15,0.000,0E-16,0.000,0E-16,0.00,0E-14,0E-16,0.000,0E-15,0.000,0.000,0.000,0.000,0E-17,0E-15,0E-15,0E-16,0E-16,0E-16,0.000,0E-18,0E-18,0E-15,0E-16,0E-15,0E-15,0E-16,0E-15,4.28000000000000000,0.000,4.28000000000000000,0E-17,0.000,0E-17,0E-17,0.000,0E-17,0E-17,0.00,0E-17,4.2800000000000000,4.280000000000000000,0E-16,SUPPLEMENTAL,2025-05-21T09:59:17.000-04:00,2025-05-21T10:37:54.000-04:00,7000-1.1 (Rev. 04-2023)
2025-07-01T03:29:20.000-04:00,2024,20250512,22231,11551,"DELEK LOGISTICS OPERATING, LLC.",5850 GRANITE PARKWAY #450,PLANO,TX,75024,US,Crude Oil,"ARKANSAS, LOUISIANA","ARKANSAS, TEXAS",null,110.48000000000000000,110.48000000000000000,null,null,null,null,null,null,4463331507,null,null,null,23.450,365.9100000000000000,0E-16,0E-16,0.00,0E-14,389.3600000000000000,0.00,0E-15,0.00,0.000,0,0,0E-15,23.450,365.9100000000000000,0.000,0E-16,0.00,0E-14,389.3600000000000000,0.000,0E-15,0.000,0.000,55.530,55.530,0E-17,28.460000000000000,28.460000000000000,0E-16,14.4300000000000000,14.4300000000000000,0.000,0E-18,0E-18,0E-15,0E-16,0E-15,0E-15,0E-16,0E-15,0.12000000000000000,0.000,0.12000000000000000,95.11000000000000000,0.000,95.11000000000000000,14.11000000000000000,0.000,14.11000000000000000,0.35000000000000000,0.00,0.35000000000000000,208.1100000000000000,109.690000000000000000,98.4200000000000000,INITIAL,2025-06-12T11:33:10.000-04:00,2025-06-12T11:33:10.000-04:00,7000-1.1 (Rev. 04-2023)
2025-07-01T03:29:20.000-04:00,2024,20250515,22234,11551,"DELEK LOGISTICS OPERATING, LLC.",5850 GRANITE PARKWAY #450,PLANO,TX,75024,US,Refined and/or Petroleum Product (non-HVL),null,ARKANSAS,null,24.80000000000000000,24.80000000000000000,null,null,null,null,null,null,null,null,null,176543554,0.000,170.4000000000000000,0E-16,0E-16,0.00,0E-14,170.4000000000000000,0.00,0E-15,0.00,0.000,0,0,0E-15,0.000,170.4000000000000000,0.000,0E-16,0.00,0E-14,170.4000000000000000,0.000,0E-15,0.000,0.000,4.430,4.430,0E-17,149.320000000000000,149.320000000000000,0E-16,0E-16,0E-16,0.000,0E-18,0E-18,7.970000000000000,0E-16,7.970000000000000,0E-15,0E-16,0E-15,0.24000000000000000,0.000,0.24000000000000000,8.41000000000000000,0.000,8.41000000000000000,0E-17,0.000,0E-17,0E-17,0.00,0E-17,170.3700000000000000,16.620000000000000000,153.7500000000000000,INITIAL,2025-06-12T11:37:00.000-04:00,2025-06-12T11:37:00.000-04:00,7000-1.1 (Rev. 04-2023)
2025-07-01T03:29:20.000-04:00,2024,20250581,22302,11733,LOOP LLC,137 NORTHPARK BLVD,COVINGTON,LA,70433,US,Crude Oil,"LOUISIANA, OCS-Gulf of America",null,4.080000000000000,35.33000000000000000,39.41000000000000000,null,1658143875,null,null,null,null,13522463698,null,null,null,0.000,91.5000000000000000,0E-16,0E-16,0.00,0E-14,91.5000000000000000,0.00,22.600000000000000,0.00,0.000,0,0,22.600000000000000,0.000,114.1000000000000000,0.000,0E-16,0.00,0E-14,114.1000000000000000,0.000,0E-15,0.000,0.000,0.000,0.000,0E-17,0E-15,0E-15,0E-16,0E-16,0E-16,0.000,0E-18,0E-18,0E-15,0E-16,0E-15,0E-15,0E-16,0E-15,0E-17,0.000,0E-17,0E-17,0.000,0E-17,0E-17,0.000,0E-17,0E-17,0.00,0E-17,0E-16,0E-18,0E-16,INITIAL,2025-06-13T07:44:13.000-04:00,2025-06-13T07:44:13.000-04:00,7000-1.1 (Rev. 04-2023)
2025-07-01T03:29:20.000-04:00,2024,20250583,22304,11733,LOOP LLC,137 NORTHPARK BLVD,COVINGTON,LA,70433,US,Refined and/or Petroleum Product (non-HVL),"LOUISIANA, OCS-Gulf of America",null,0E-15,0E-17,0E-17,null,null,null,null,277447,null,null,null,null,52407,0.000,3.4000000000000000,0E-16,0E-16,0.00,0E-14,3.4000000000000000,0.00,18.000000000000000,0.00,0.000,0,0,18.000000000000000,0.000,21.4000000000000000,0.000,0E-16,0.00,0E-14,21.4000000000000000,0.000,0E-15,0.000,0.000,0.000,0.000,0E-17,0E-15,0E-15,0E-16,0E-16,0E-16,0.000,0E-18,0E-18,0E-15,0E-16,0E-15,0E-15,0E-16,0E-15,0E-17,0.000,0E-17,0E-17,0.000,0E-17,0E-17,0.000,0E-17,0E-17,0.00,0E-17,0E-16,0E-18,0E-16,INITIAL,2025-06-13T07:57:47.000-04:00,2025-06-13T07:57:47.000-04:00,7000-1.1 (Rev. 04-2023)
2025-07-01T03:29:20.000-04:00,2024,20250338,22047,12470,MID - VALLEY PIPELINE CO,1300 MAIN STREET,HOUSTON,TX,77002,US,Crude Oil,"ARKANSAS, KENTUCKY, LOUISIANA, MICHIGAN, MISSISSIPPI, OHIO, TENNESSEE, TEXAS",null,null,527.20000000000000000,527.20000000000000000,null,null,null,null,null,0,45609047594,0,0,0,1.770,1113.4300000000000000,0E-16,0E-16,0.00,0E-14,1115.2000000000000000,0.00,0E-15,0.00,0.000,0,0,0E-15,1.770,1113.4300000000000000,0.000,0E-16,0.00,0E-14,1115.2000000000000000,0.000,0E-15,0.000,0.000,0.000,0.000,0E-17,0E-15,0E-15,0E-16,0E-16,0E-16,0.000,0.510000000000000000,0.510000000000000000,0E-15,0E-16,0E-15,0.390000000000000,0E-16,0.390000000000000,0.33000000000000000,0.000,0.33000000000000000,0.42000000000000000,0.000,0.42000000000000000,0.21000000000000000,0.000,0.21000000000000000,0.05000000000000000,0.00,0.05000000000000000,1.9100000000000000,1.400000000000000000,0.5100000000000000,INITIAL,2025-06-10T04:24:34.000-04:00,2025-06-10T04:24:34.000-04:00,7000-1.1 (Rev. 04-2023)
2025-07-01T03:29:20.000-04:00,2024,20250662,22386,12624,EXXONMOBIL OIL CORPORATION,1795 BURT STREET,BEAUMONT,TX,77701,US,Crude Oil,null,TEXAS,null,7.91000000000000000,7.91000000000000000,null,null,null,null,null,null,831634800,null,null,null,0.000,8.1000000000000000,0E-16,0E-16,0.00,0E-14,8.1000000000000000,0.00,0E-15,0.00,0.000,0,0,0E-15,0.000,8.1000000000000000,0.000,0E-16,0.00,0E-14,8.1000000000000000,0.000,0E-15,0.000,0.000,0.000,0.000,0E-17,0E-15,0E-15,0E-16,0E-16,0E-16,0.000,0E-18,0E-18,0E-15,0E-16,0E-15,0E-15,0E-16,0E-15,5.96000000000000000,0.000,5.96000000000000000,0E-17,0.000,0E-17,0E-17,0.000,0E-17,0E-17,0.00,0E-17,5.9600000000000000,5.960000000000000000,0E-16,INITIAL,2025-06-14T11:44:58.000-04:00,2025-06-14T11:44:58.000-04:00,7000-1.1 (Rev. 04-2023)
2025-07-01T03:29:20.000-04:00,2024,20250661,22385,12624,EXXONMOBIL OIL CORPORATION,1795 BURT STREET,BEAUMONT,TX,77701,US,HVL,null,TEXAS,null,58.14000000000000000,58.14000000000000000,null,null,null,null,null,null,null,null,499975112,null,0.000,233.7600000000000000,0E-16,0E-16,0.00,0E-14,233.7600000000000000,0.00,0E-15,0.00,0.000,0,0,0E-15,0.000,233.7600000000000000,0.000,0E-16,0.00,0E-14,233.7600000000000000,0.000,0.040000000000000,0.040,0.000,0.000,0.000,0E-17,0E-15,0E-15,0E-16,35.1200000000000000,35.1200000000000000,0.000,13.570000000000000000,13.570000000000000000,38.320000000000000,12.2500000000000000,50.570000000000000,12.200000000000000,0E-16,12.200000000000000,0.78000000000000000,0.000,0.78000000000000000,0.70000000000000000,0.000,0.70000000000000000,0.24000000000000000,0.000,0.24000000000000000,0E-17,0.00,0E-17,113.2200000000000000,52.240000000000000000,60.9800000000000000,INITIAL,2025-06-14T11:43:23.000-04:00,2025-06-14T11:43:23.000-04:00,7000-1.1 (Rev. 04-2023)
2025-07-01T03:29:20.000-04:00,2024,20250660,22384,12624,EXXONMOBIL OIL CORPORATION,1795 BURT STREET,BEAUMONT,TX,77701,US,Refined and/or Petroleum Product (non-HVL),null,TEXAS,null,0.50000000000000000,0.50000000000000000,null,null,null,null,null,null,null,null,null,80915200,0.000,20.7600000000000000,0E-16,0E-16,0.00,0E-14,20.7600000000000000,0.00,0E-15,0.00,0.000,0,0,0E-15,0.000,20.7600000000000000,0.000,0E-16,0.00,0E-14,20.7600000000000000,0.000,0E-15,0.000,0.000,0.000,0.000,0E-17,0E-15,0E-15,0E-16,0E-16,0E-16,0.000,0.790000000000000000,0.790000000000000000,0E-15,0E-16,0E-15,0E-15,0E-16,0E-15,0E-17,0.000,0E-17,0.13000000000000000,0.000,0.13000000000000000,7.46000000000000000,0.000,7.46000000000000000,0E-17,0.00,0E-17,8.3800000000000010,7.590000000000000000,0.7900000000000000,INITIAL,2025-06-14T11:41:41.000-04:00,2025-06-14T11:41:41.000-04:00,7000-1.1 (Rev. 04-2023)
2025-07-01T03:29:20.000-04:00,2024,20250659,22383,12628,MOBIL  PIPE  LINE COMPANY,22777 SPRINGWOODS VILLAGE PARKWAY,SPRING,TX,77389,US,Crude Oil,ILLINOIS,TEXAS,null,78.48000000000000000,78.48000000000000000,null,null,null,null,null,null,8537063843,null,null,null,0.000,112.8600000000000000,0E-16,0E-16,0.00,0E-14,112.8600000000000000,0.00,0E-15,0.00,0.000,0,0,0E-15,0.000,112.8600000000000000,0.000,0E-16,0.00,0E-14,112.8600000000000000,0.000,0E-15,0.000,0.000,0.000,0.000,0E-17,0E-15,0E-15,0E-16,0E-16,0E-16,0.000,0E-18,0E-18,0E-15,0E-16,0E-15,0E-15,0E-16,0E-15,0E-17,0.000,0E-17,0E-17,0.000,0E-17,0E-17,0.000,0E-17,0E-17,0.00,0E-17,0E-16,0E-18,0E-16,INITIAL,2025-06-14T11:35:50.000-04:00,2025-06-14T11:35:50.000-04:00,7000-1.1 (Rev. 04-2023)
2025-07-01T03:29:20.000-04:00,2024,20250658,22382,12628,MOBIL  PIPE  LINE COMPANY,22777 SPRINGWOODS VILLAGE PARKWAY,SPRING,TX,77389,US,HVL,null,TEXAS,null,50.77000000000000000,50.77000000000000000,null,null,null,null,null,null,null,null,139702731,null,0.000,141.0300000000000000,0E-16,0E-16,0.00,0E-14,141.0300000000000000,0.00,0E-15,0.00,0.000,0,0,0E-15,0.000,141.0300000000000000,0.000,0E-16,0.00,0E-14,141.0300000000000000,0.000,0.160000000000000,0.160,0.000,0.000,0.000,0E-17,0E-15,0E-15,0E-16,1.0800000000000000,1.0800000000000000,0.000,0E-18,0E-18,0E-15,32.2400000000000000,32.240000000000000,2.300000000000000,0E-16,2.300000000000000,0.82000000000000000,0.000,0.82000000000000000,9.88000000000000100,0.000,9.88000000000000100,0.01000000000000000,0.000,0.01000000000000000,0E-17,0.00,0E-17,46.4900000000000000,13.010000000000000000,33.4800000000000000,INITIAL,2025-06-14T11:33:29.000-04:00,2025-06-14T11:33:29.000-04:00,7000-1.1 (Rev. 04-2023)
2025-07-01T03:29:20.000-04:00,2024,20250656,22380,12628,MOBIL  PIPE  LINE COMPANY,22777 SPRINGWOODS VILLAGE PARKWAY,SPRING,TX,77389,US,Refined and/or Petroleum Product (non-HVL),null,ILLINOIS,null,3.28000000000000000,3.28000000000000000,null,null,null,null,null,null,null,null,null,91769702,0.000,3.2800000000000000,0E-16,0E-16,0.00,0E-14,3.2800000000000000,0.00,0E-15,0.00,0.000,0,0,0E-15,0.000,3.2800000000000000,0.000,0E-16,0.00,0E-14,3.2800000000000000,0.000,0E-15,0.000,0.000,0.000,0.000,0E-17,0E-15,0E-15,0E-16,0E-16,0E-16,0.000,0E-18,0E-18,0E-15,2.6500000000000000,2.650000000000000,0E-15,0E-16,0E-15,0E-17,0.000,0E-17,0.29000000000000000,0.000,0.29000000000000000,0E-17,0.000,0E-17,0E-17,0.00,0E-17,2.9400000000000000,0.290000000000000000,2.6500000000000000,INITIAL,2025-06-14T11:30:01.000-04:00,2025-06-14T11:30:01.000-04:00,7000-1.1 (Rev. 04-2023)
2025-07-01T03:29:20.000-04:00,2024,20250655,22379,12634,EXXONMOBIL OIL CORPORATION,2775 GULF STATES ROAD,BEAUMONT,TX,77704,US,HVL,null,TEXAS,null,22.93000000000000000,22.93000000000000000,null,null,null,null,null,null,null,null,176238758,null,0.000,88.9700000000000000,0E-16,0E-16,0.00,0E-14,88.9700000000000000,0.00,0E-15,0.00,0.000,0,0,0E-15,0.000,88.9700000000000000,0.000,0E-16,0.00,0E-14,88.9700000000000000,0.000,12.000000000000000,12.000,0.000,0.000,0.000,0E-17,0E-15,0E-15,0E-16,0E-16,0E-16,0.000,23.830000000000000000,23.830000000000000000,0E-15,1.5500000000000000,1.550000000000000,1.820000000000000,0E-16,1.820000000000000,9.49000000000000000,0.000,9.49000000000000000,0.63000000000000000,0.000,0.63000000000000000,0.05000000000000000,0.000,0.05000000000000000,0E-17,0.00,0E-17,49.3700000000000000,11.990000000000000000,37.3800000000000000,INITIAL,2025-06-14T11:25:13.000-04:00,2025-06-14T11:25:13.000-04:00,7000-1.1 (Rev. 04-2023)
2025-07-01T03:29:20.000-04:00,2024,20250275,21982,12913,SUPERIOR REFINING COMPANY LLC,2407 STINSON AV,SUPERIOR,WI,54880,US,Refined and/or Petroleum Product (non-HVL),null,WISCONSIN,null,5.56800000000000000,5.56800000000000000,null,null,null,null,null,null,null,null,null,3880609,0.000,5.5680000000000000,0E-16,0E-16,0.00,0E-14,5.5680000000000000,0.00,0E-15,0.00,0.000,0,0,0E-15,0.000,5.5680000000000000,0.000,0E-16,0.00,0E-14,5.5680000000000000,0.000,0E-15,0.000,0.000,0.000,0.000,0E-17,0E-15,0E-15,0E-16,3.2410000000000000,3.2410000000000000,0.000,0E-18,0E-18,0E-15,0E-16,0E-15,0E-15,0E-16,0E-15,0.52500000000000000,0.000,0.52500000000000000,0E-17,0.000,0E-17,0E-17,0.000,0E-17,0E-17,0.00,0E-17,3.7660000000000000,0.525000000000000000,3.2410000000000000,INITIAL,2025-06-06T10:36:21.000-04:00,2025-06-06T10:36:21.000-04:00,7000-1.1 (Rev. 04-2023)
2025-07-01T03:29:20.000-04:00,2024,20250703,22432,14145,ERGON MIDSTREAM,PO Box 1639,JACKSON,MS,39215,US,Crude Oil,OHIO,null,null,1.79000000000000000,1.79000000000000000,null,null,null,null,null,null,733137,null,null,null,0.000,34.2300000000000000,0E-16,0E-16,0.00,0E-14,34.2300000000000000,0.00,0E-15,0.00,0.000,0,0,0E-15,0.000,34.2300000000000000,0.000,0E-16,0.00,0E-14,34.2300000000000000,0.000,0E-15,0.000,0.000,0.000,0.000,0E-17,0E-15,0E-15,0E-16,0E-16,0E-16,0.000,0E-18,0E-18,0.322000000000000,0E-16,0.322000000000000,33.871000000000000,0E-16,33.871000000000000,0E-17,0.000,0E-17,0.01100000000000000,0.000,0.01100000000000000,0.02700000000000000,0.000,0.02700000000000000,0E-17,0.00,0E-17,34.2310000000000000,34.231000000000000000,0E-16,INITIAL,2025-06-20T09:29:48.000-04:00,2025-06-20T09:29:48.000-04:00,7000-1.1 (Rev. 04-2023)
2025-07-01T03:29:20.000-04:00,2024,20250109,21805,14194,"OILTANKING, HOUSTON LP","9805 KATY FREEWAY, SUITE 400",HOUSTON,TX,77024,US,Refined and/or Petroleum Product (non-HVL),null,TEXAS,null,5.28000000000000000,5.28000000000000000,null,null,null,null,null,null,null,null,null,2199917,2.260,3.0200000000000000,0E-16,0E-16,0.00,0E-14,5.2800000000000000,0.00,0E-15,0.00,0.000,0,0,0E-15,2.260,3.0200000000000000,0.000,0E-16,0.00,0E-14,5.2800000000000000,0.000,0E-15,0.000,0.000,0.000,0.000,0E-17,0E-15,0E-15,0E-16,0E-16,0E-16,0.000,0E-18,0E-18,0E-15,0E-16,0E-15,0E-15,0E-16,0E-15,0E-17,0.000,0E-17,5.28000000000000000,0.000,5.28000000000000000,0E-17,0.000,0E-17,0E-17,0.00,0E-17,5.2800000000000000,5.280000000000000000,0E-16,INITIAL,2025-05-16T11:59:34.000-04:00,2025-05-16T11:59:34.000-04:00,7000-1.1 (Rev. 04-2023)
2025-07-01T03:29:20.000-04:00,2024,20250392,22103,14391,"OSAGE PIPE LINE COMPANY, LLC",2323 VICTORY AVE.,DALLAS,TX,75219,US,Crude Oil,"KANSAS, OKLAHOMA",null,null,73.92000000000000000,73.92000000000000000,null,null,null,null,null,null,5303814134,null,null,null,0.000,135.6700000000000000,0E-16,0E-16,0.00,0E-14,135.6700000000000000,0.00,0E-15,0.00,0.000,0,0,0E-15,0.000,135.6700000000000000,0.000,0E-16,0.00,0E-14,135.6700000000000000,0.000,0E-15,0.000,0.000,0.000,0.000,0E-17,0E-15,0E-15,0E-16,0E-16,0E-16,0.000,0E-18,0E-18,131.650000000000000,0.6200000000000000,132.270000000000000,0E-15,0E-16,0E-15,0.47000000000000000,0.000,0.47000000000000000,2.89000000000000000,0.000,2.89000000000000000,0E-17,0.000,0E-17,0.01000000000000000,0.00,0.01000000000000000,135.6400000000000000,135.020000000000000000,0.6200000000000000,INITIAL,2025-06-11T05:51:18.000-04:00,2025-06-11T05:51:18.000-04:00,7000-1.1 (Rev. 04-2023)
2025-07-01T03:29:20.000-04:00,2024,20250608,22330,15156,SINCLAIR TRANSPORTATION COMPANY,2323 VICTORY AVE.,DALLAS,TX,75219,US,Crude Oil,"COLORADO, WYOMING",WYOMING,null,103.77000000000000000,103.77000000000000000,null,null,null,null,null,null,3780242570,null,null,null,15.000,537.9700000000000000,0E-16,0E-16,0.00,0E-14,552.9700000000000000,0.00,0E-15,0.00,0.000,0,0,0E-15,15.000,537.9700000000000000,0.000,0E-16,0.00,0E-14,552.9700000000000000,0.000,0E-15,0.000,0.000,0.000,0.000,0E-17,77.540000000000010,77.540000000000010,0E-16,0E-16,0E-16,168.410,15.430000000000000000,183.840000000000000000,111.470000000000000,0E-16,111.470000000000000,0E-15,0E-16,0E-15,13.97000000000000000,0.000,13.97000000000000000,115.45000000000000000,0.000,115.45000000000000000,38.05000000000000000,0.000,38.05000000000000000,0.20000000000000000,0.00,0.20000000000000000,540.5200000000000000,447.550000000000000000,92.9700000000000000,INITIAL,2025-06-13T11:10:27.000-04:00,2025-06-13T11:10:27.000-04:00,7000-1.1 (Rev. 04-2023)
2025-07-01T03:29:20.000-04:00,2024,20250611,22333,15156,SINCLAIR TRANSPORTATION COMPANY,2323 VICTORY AVE.,DALLAS,TX,75219,US,Refined and/or Petroleum Product (non-HVL),"COLORADO, IOWA, KANSAS, MISSOURI, WYOMING",WYOMING,null,195.30000000000000000,195.30000000000000000,null,null,null,null,null,null,null,null,null,1221879796,137.400,446.3100000000000000,0E-16,0E-16,0.00,0E-14,583.7100000000000000,0.00,0E-15,0.00,0.000,0,0,0E-15,137.400,446.3100000000000000,0.000,0E-16,0.00,0E-14,583.7100000000000000,0.000,0E-15,0.000,0.000,0.000,0.000,0E-17,0E-15,0E-15,0E-16,0E-16,0E-16,6.930,173.330000000000000000,180.260000000000000000,55.570000000000000,0E-16,55.570000000000000,0.040000000000000,0E-16,0.040000000000000,42.53000000000000000,1.910,44.44000000000000000,68.22000000000000000,0.000,68.22000000000000000,70.27000000000000000,0.000,70.27000000000000000,1.60000000000000000,0.00,1.60000000000000000,420.4000000000000000,245.160000000000000000,175.2400000000000000,INITIAL,2025-06-13T11:17:03.000-04:00,2025-06-13T11:17:03.000-04:00,7000-1.1 (Rev. 04-2023)
2025-07-01T03:29:20.000-04:00,2024,20250445,22158,15485,PHILLIPS 66 COMPANY - SWEENY REFINERY,2331 CITYWEST BLVD.,HOUSTON,TX,77042,US,Crude Oil,null,TEXAS,null,1.41000000000000000,1.41000000000000000,null,null,null,null,null,null,0,null,null,null,0.000,1.4000000000000000,0E-16,0E-16,0.00,0E-14,1.4000000000000000,0.00,0E-15,0.00,0.000,0,0,0E-15,0.000,1.4000000000000000,0.000,0E-16,0.00,0E-14,1.4000000000000000,0.000,0E-15,0.000,0.000,0.000,0.000,0E-17,0E-15,0E-15,0E-16,0E-16,0E-16,0.000,0E-18,0E-18,0E-15,0E-16,0E-15,0E-15,0E-16,0E-15,0E-17,0.000,0E-17,0E-17,0.000,0E-17,0E-17,0.000,0E-17,0E-17,0.00,0E-17,0E-16,0E-18,0E-16,INITIAL,2025-06-12T04:04:48.000-04:00,2025-06-12T04:04:48.000-04:00,7000-1.1 (Rev. 04-2023)
2025-07-01T03:29:20.000-04:00,2024,20250446,22159,15485,PHILLIPS 66 COMPANY - SWEENY REFINERY,2331 CITYWEST BLVD.,HOUSTON,TX,77042,US,Refined and/or Petroleum Product (non-HVL),null,TEXAS,null,7.10000000000000000,7.10000000000000000,null,null,null,null,null,null,null,null,null,0,0.000,43.1400000000000000,0E-16,0E-16,0.00,0E-14,43.1400000000000000,0.00,0E-15,0.00,0.000,0,0,0E-15,0.000,43.1400000000000000,0.000,0E-16,0.00,0E-14,43.1400000000000000,0.000,0E-15,0.000,0.000,0.000,0.000,0E-17,30.770000000000000,30.770000000000000,0E-16,0E-16,0E-16,0.000,3.100000000000000000,3.100000000000000000,4.160000000000000,0E-16,4.160000000000000,3.510000000000000,0E-16,3.510000000000000,0E-17,0.000,0E-17,0E-17,0.000,0E-17,0E-17,0.000,0E-17,0E-17,0.00,0E-17,41.5400000000000000,7.670000000000000000,33.8700000000000000,INITIAL,2025-06-12T04:09:49.000-04:00,2025-06-12T04:09:49.000-04:00,7000-1.1 (Rev. 04-2023)
2025-07-01T03:29:20.000-04:00,2024,20250171,21871,15602,PIONEER NATURAL RESOURCES,777 HIDDEN RIDGE,IRVING,TX,75039,US,Crude Oil,null,TEXAS,null,null,0E-17,null,null,null,null,null,null,null,null,null,null,0.000,0E-16,0E-16,0E-16,0.00,0E-14,0E-16,0.00,0E-15,0.00,0.000,0,0,0E-15,0.000,0E-16,0.000,0E-16,0.00,0E-14,0E-16,0.000,0E-15,0.000,0.000,0.000,0.000,0E-17,0E-15,0E-15,0E-16,0E-16,0E-16,0.000,0E-18,0E-18,0E-15,0E-16,0E-15,0E-15,0E-16,0E-15,0E-17,0.000,0E-17,0E-17,0.000,0E-17,0E-17,0.000,0E-17,0E-17,0.00,0E-17,0E-16,0E-18,0E-16,INITIAL,2025-05-29T06:26:08.000-04:00,2025-05-29T06:26:08.000-04:00,7000-1.1 (Rev. 04-2023)
2025-07-01T03:29:20.000-04:00,2024,20250047,21730,15645,PLACID PIPELINE COMPANY LLC,1940 LA HWY 1 NORTH,PORT ALLEN,LA,70767,US,Refined and/or Petroleum Product (non-HVL),null,LOUISIANA,null,9.00000000000000000,9.00000000000000000,null,null,null,null,null,null,null,null,null,67629017,0.000,9.0000000000000000,0E-16,0E-16,0.00,0E-14,9.0000000000000000,0.00,0E-15,0.00,0.000,0,0,0E-15,0.000,9.0000000000000000,0.000,0E-16,0.00,0E-14,9.0000000000000000,0.000,0E-15,0.000,0.000,0.000,0.000,0E-17,0E-15,0E-15,0E-16,0E-16,0E-16,0.000,0.037000000000000000,0.037000000000000000,0E-15,0E-16,0E-15,0E-15,0E-16,0E-15,0E-17,0.000,0E-17,0E-17,0.000,0E-17,0E-17,0.000,0E-17,0E-17,0.00,0E-17,0.0370000000000000,0E-18,0.0370000000000000,INITIAL,2025-03-28T10:02:38.000-04:00,2025-03-28T10:02:38.000-04:00,7000-1.1 (Rev. 04-2023)
2025-07-01T03:29:20.000-04:00,2024,20250388,22099,15674,PRODUCTS (SE) PIPE LINE CORPORATION,1001 LOUISIANA ST,HOUSTON,TX,77002,US,Refined and/or Petroleum Product (non-HVL),"ALABAMA, GEORGIA, LOUISIANA, MISSISSIPPI, NORTH CAROLINA, SOUTH CAROLINA, TENNESSEE, VIRGINIA",null,null,2036.07900000000000000,2036.07900000000000000,null,null,null,null,null,null,null,null,null,130589514101,0.000,3170.6280000000000000,0E-16,0E-16,0.00,0E-14,3170.6280000000000000,0.00,0E-15,0.00,0.000,0,0,0E-15,0.000,3170.6280000000000000,0.000,0E-16,0.00,0E-14,3170.6280000000000000,0.000,0E-15,0.000,0.000,0.000,0.000,0E-17,60.289000000000000,60.289000000000000,0E-16,0.4150000000000000,0.4150000000000000,318.548,104.530000000000000000,423.078000000000000000,343.300000000000000,0.5060000000000000,343.806000000000000,53.743000000000000,0E-16,53.743000000000000,35.39900000000000000,0.000,35.39900000000000000,15.69900000000000000,0.000,15.69900000000000000,10.82800000000000000,0.000,10.82800000000000000,1.11000000000000000,0.00,1.11000000000000000,944.3670000000000000,778.627000000000000000,165.7400000000000000,INITIAL,2025-06-11T05:17:06.000-04:00,2025-06-11T05:17:06.000-04:00,7000-1.1 (Rev. 04-2023)
2025-07-01T03:29:20.000-04:00,2024,20250509,22228,15774,NORTH DAKOTA PIPELINE COMPANY LLC,"915 N ELDRIDGE PARKWAY, SUITE 1100",HOUSTON,TX,77079,US,Crude Oil,"MINNESOTA, MONTANA, NORTH DAKOTA",null,null,203.25000000000000000,203.25000000000000000,null,null,null,null,null,0,28973431840,0,0,0,0.000,756.2150000000000000,0E-16,0E-16,0.00,0E-14,756.2150000000000000,0.00,0E-15,0.00,0.000,0,0,0E-15,0.000,756.2150000000000000,0.000,0E-16,0.00,0E-14,756.2150000000000000,0.000,0E-15,0.000,0.000,0.000,0.000,0E-17,0E-15,0E-15,0E-16,0E-16,0E-16,0.000,559.053000000000000000,559.053000000000000000,0E-15,0E-16,0E-15,65.173000000000000,0E-16,65.173000000000000,0E-17,0.000,0E-17,51.30900000000000000,0.000,51.30900000000000000,68.28400000000001000,0.000,68.28400000000001000,0.81399999999999990,0.00,0.81399999999999990,744.6330000000000000,185.580000000000000000,559.0530000000000000,INITIAL,2025-06-12T11:25:27.000-04:00,2025-06-12T11:25:27.000-04:00,7000-1.1 (Rev. 04-2023)
2025-07-01T03:29:20.000-04:00,2024,20250679,22404,15786,PORTLAND PIPE LINE CORPORATION,30 HILL STREET,SOUTH PORTLAND,ME,04106,US,Crude Oil,"MAINE, NEW HAMPSHIRE, VERMONT",null,null,150.60000000000000000,150.60000000000000000,null,null,null,null,null,0,484712696,0,0,0,0.000,332.0000000000000000,0E-16,0E-16,0.00,0E-14,332.0000000000000000,0.00,0E-15,0.00,0.000,0,0,0E-15,0.000,332.0000000000000000,0.000,0E-16,0.00,0E-14,332.0000000000000000,0.000,0E-15,0.000,0.000,0.000,0.000,0E-17,0E-15,0E-15,0E-16,165.0000000000000000,165.0000000000000000,0.000,0E-18,0E-18,0E-15,0E-16,0E-15,0E-15,0E-16,0E-15,1.00000000000000000,0.000,1.00000000000000000,0E-17,0.000,0E-17,0E-17,0.000,0E-17,0E-17,0.00,0E-17,166.0000000000000000,1.000000000000000000,165.0000000000000000,INITIAL,2025-06-15T18:10:57.000-04:00,2025-06-15T18:10:57.000-04:00,7000-1.1 (Rev. 04-2023)
2025-07-01T03:29:20.000-04:00,2024,20250394,22105,15825,WESTLAKE US 2 LLC,2801 POST OAK BLVD,HOUSTON,TX,77056,US,HVL,"LOUISIANA, TEXAS",null,null,29.58000000000000000,29.58000000000000000,null,null,null,null,null,null,null,null,2387720,null,0.000,37.6100000000000000,0E-16,0E-16,0.00,0E-14,37.6100000000000000,0.00,0E-15,0.00,0.000,0,0,0E-15,0.000,37.6100000000000000,0.000,0E-16,0.00,0E-14,37.6100000000000000,0.000,0E-15,0.000,0.000,0.000,0.000,0E-17,0E-15,0E-15,0E-16,0E-16,0E-16,0.000,0E-18,0E-18,37.610000000000000,0E-16,37.610000000000000,0E-15,0E-16,0E-15,0E-17,0.000,0E-17,0E-17,0.000,0E-17,0E-17,0.000,0E-17,0E-17,0.00,0E-17,37.6100000000000000,37.610000000000000000,0E-16,INITIAL,2025-06-11T06:40:22.000-04:00,2025-06-11T06:40:22.000-04:00,7000-1.1 (Rev. 04-2023)
2025-07-01T03:29:20.000-04:00,2024,20250517,22236,15851,"DELEK MARKETING AND SUPPLY, LP",5850 GRANITE PARKWAY #450,PLANO,TX,75024,US,Crude Oil,null,TEXAS,null,5.20000000000000000,5.20000000000000000,null,null,null,null,null,null,2559751428,null,null,null,0.000,94.4000000000000100,0E-16,0E-16,0.00,0E-14,94.4000000000000100,0.00,0E-15,0.00,0.000,0,0,0E-15,0.000,94.4000000000000100,0.000,0E-16,0.00,0E-14,94.4000000000000100,0.000,0E-15,0.000,0.000,0.000,0.000,0E-17,0E-15,0E-15,0E-16,0E-16,0E-16,0.000,3.760000000000000000,3.760000000000000000,0E-15,0E-16,0E-15,0E-15,0E-16,0E-15,0E-17,0.000,0E-17,0E-17,0.000,0E-17,81.95000000000000000,0.000,81.95000000000000000,8.69999999999999900,0.00,8.69999999999999900,94.4100000000000000,90.650000000000010000,3.7600000000000000,INITIAL,2025-06-12T11:40:29.000-04:00,2025-06-12T11:40:29.000-04:00,7000-1.1 (Rev. 04-2023)
2025-07-01T03:29:20.000-04:00,2024,20250519,22238,15851,"DELEK MARKETING AND SUPPLY, LP",5850 GRANITE PARKWAY #450,PLANO,TX,75024,US,Refined and/or Petroleum Product (non-HVL),null,TEXAS,null,25.60000000000000000,25.60000000000000000,null,null,null,null,null,null,null,null,null,383940019,0.000,149.2000000000000000,0E-16,0E-16,0.00,0E-14,149.2000000000000000,0.00,0E-15,0.00,0.000,0,0,0E-15,0.000,149.2000000000000000,0.000,0E-16,0.00,0E-14,149.2000000000000000,0.000,0E-15,0.000,0.000,0.000,0.000,0E-17,0E-15,0E-15,0E-16,0E-16,0E-16,0.000,0E-18,0E-18,57.800000000000000,3.6000000000000000,61.400000000000000,0E-15,0E-16,0E-15,87.40000000000001000,0.000,87.40000000000001000,0E-17,0.000,0E-17,0.50000000000000000,0.000,0.50000000000000000,0E-17,0.00,0E-17,149.3000000000000000,145.700000000000000000,3.6000000000000000,INITIAL,2025-06-12T11:41:35.000-04:00,2025-06-12T11:41:35.000-04:00,7000-1.1 (Rev. 04-2023)
2025-07-01T03:29:20.000-04:00,2024,20250078,21764,15915,"PIPELINES OF PUERTO RICO INCD, THE",P.O.BOX: 810047,CAROLINA,PR,00981-0047,US,Refined and/or Petroleum Product (non-HVL),null,PUERTO RICO,null,9.50000000000000000,9.50000000000000000,null,null,null,null,null,null,null,null,null,22752757,0.000,9.5000000000000000,0E-16,0E-16,0.00,0E-14,9.5000000000000000,0.00,0E-15,0.00,0.000,0,0,0E-15,0.000,9.5000000000000000,0.000,0E-16,0.00,0E-14,9.5000000000000000,0.000,0E-15,0.000,0.000,0.000,0.000,0E-17,0E-15,0E-15,0E-16,0E-16,0E-16,0.000,8.496000000000000000,8.496000000000000000,0E-15,0E-16,0E-15,0E-15,0E-16,0E-15,0E-17,0.000,0E-17,1.00000000000000000,0.000,1.00000000000000000,0E-17,0.000,0E-17,0.00400000000000000,0.00,0.00400000000000000,9.5000000000000000,1.004000000000000000,8.4960000000000000,INITIAL,2025-05-02T05:44:06.000-04:00,2025-05-02T05:44:06.000-04:00,7000-1.1 (Rev. 04-2023)
2025-07-01T03:29:20.000-04:00,2024,20250700,22428,15979,"ERGON TERMINALING, INC.",P.O. BOX 1639,JACKSON,MS,39215,US,Crude Oil,"OHIO, WEST VIRGINIA",null,null,38.00000000000000000,38.00000000000000000,null,null,null,null,null,null,1425417,null,null,null,0.000,38.0000000000000000,0E-16,0E-16,0.00,0E-14,38.0000000000000000,0.00,0E-15,0.00,0.000,0,0,0E-15,0.000,38.0000000000000000,0.000,0E-16,0.00,0E-14,38.0000000000000000,0.000,0E-15,0.000,0.000,0.000,0.000,0E-17,0E-15,0E-15,0E-16,0E-16,0E-16,0.000,0E-18,0E-18,0E-15,0E-16,0E-15,0E-15,0E-16,0E-15,0E-17,0.000,0E-17,0E-17,0.000,0E-17,0E-17,0.000,0E-17,0E-17,0.00,0E-17,0E-16,0E-18,0E-16,INITIAL,2025-06-18T10:17:25.000-04:00,2025-06-18T10:17:25.000-04:00,7000-1.1 (Rev. 04-2023)
2025-07-01T03:29:20.000-04:00,2024,20250384,22095,18092,"SFPP, LP","1001 LOUISIANA ST.,",HOUSTON,TX,77002,US,Refined and/or Petroleum Product (non-HVL),"ARIZONA, CALIFORNIA, NEVADA, NEW MEXICO, OREGON, TEXAS","CALIFORNIA, OREGON, TEXAS",null,1998.73000000000000000,1998.73000000000000000,null,null,null,null,null,0,0,0,0,71622638218,0.000,2799.8890000000000000,0E-16,0E-16,0.00,0E-14,2799.8890000000000000,0.00,0E-15,0.00,0.000,0,0,0E-15,0.000,2799.8890000000000000,0.000,0E-16,0.00,0E-14,2799.8890000000000000,0.000,0E-15,0.000,0.000,0.000,0.000,0E-17,0E-15,0E-15,5.4500000000000000,277.2770000000000000,282.7270000000000000,190.770,636.416000000000100000,827.186000000000000000,80.724000000000000,3.9190000000000000,84.643000000000000,684.886000000000000,0.1940000000000000,685.080000000000000,137.92400000000000000,0.304,138.22800000000000000,526.68200000000000000,0.000,526.68200000000000000,14.96700000000000000,0.000,14.96700000000000000,4.49000000000000000,0.00,4.49000000000000000,2564.0030000000000000,1645.893000000000000000,918.1100000000000000,INITIAL,2025-06-11T04:42:26.000-04:00,2025-06-11T04:42:26.000-04:00,7000-1.1 (Rev. 04-2023)
2025-07-01T03:29:20.000-04:00,2024,20250107,21803,18386,BP OIL PIPELINE CO,30 S. WACKER DRIVE,CHICAGO,IL,60606,US,Refined and/or Petroleum Product (non-HVL),"KENTUCKY, OHIO",OHIO,null,103.80000000000000000,103.80000000000000000,null,null,null,null,null,0,0,0,0,373839592,0.000,104.5000000000000000,0E-16,0E-16,0.00,0E-14,104.5000000000000000,0.00,0E-15,0.00,0.000,0,0,0E-15,0.000,104.5000000000000000,0.000,0E-16,0.00,0E-14,104.5000000000000000,0.000,0E-15,0.000,0.000,17.800,17.800,0E-17,0E-15,0E-15,0E-16,0.7000000000000000,0.7000000000000000,0.000,0E-18,0E-18,1.100000000000000,0E-16,1.100000000000000,4.000000000000000,0E-16,4.000000000000000,2.10000000000000000,0.000,2.10000000000000000,1.10000000000000000,0.000,1.10000000000000000,0E-17,0.000,0E-17,0E-17,0.00,0E-17,26.8000000000000000,8.300000000000001000,18.5000000000000000,INITIAL,2025-05-16T10:54:38.000-04:00,2025-05-16T10:54:38.000-04:00,7000-1.1 (Rev. 04-2023)
2025-07-01T03:29:20.000-04:00,2024,20250688,22414,18667,FREEPORT-MCMORAN OIL & GAS,201 S BROADWAY,ORCUTT,CA,93455,US,Crude Oil,"CALIFORNIA, OCS-Pacific",CALIFORNIA,19.650000000000000,24.26000000000000000,43.91000000000000000,null,0,null,null,null,null,0,null,null,null,0.000,24.2600000000000000,0E-16,0E-16,0.00,0E-14,24.2600000000000000,0.00,19.650000000000000,0.00,0.000,0,0,19.650000000000000,0.000,43.9100000000000000,0.000,0E-16,0.00,0E-14,43.9100000000000000,0.000,0E-15,0.000,0.000,0.000,0.000,0E-17,0E-15,0E-15,0E-16,0E-16,0E-16,0.000,0E-18,0E-18,0E-15,0E-16,0E-15,43.910000000000000,0E-16,43.910000000000000,0E-17,0.000,0E-17,0E-17,0.000,0E-17,0E-17,0.000,0E-17,0E-17,0.00,0E-17,43.9100000000000000,43.910000000000000000,0E-16,INITIAL,2025-06-16T17:07:35.000-04:00,2025-06-16T17:07:35.000-04:00,7000-1.1 (Rev. 04-2023)
2025-07-01T03:29:20.000-04:00,2024,20250543,22262,18678,ST LOUIS PIPELINE OPERATING LLC,4120 HIGEL STREET,SARASOTA,FL,34242,null,Refined and/or Petroleum Product (non-HVL),"ILLINOIS, MISSOURI",null,null,13.17700000000000000,13.17700000000000000,null,null,null,null,null,null,null,null,null,23988856,0.000,19.6810000000000000,0E-16,0E-16,0.00,0E-14,19.6810000000000000,0.00,0E-15,0.00,0.000,0,0,0E-15,0.000,19.6810000000000000,0.000,0E-16,0.00,0E-14,19.6810000000000000,0.000,0E-15,0.000,0.000,0.000,0.000,0E-17,0E-15,0E-15,0E-16,0E-16,0E-16,0.000,0E-18,0E-18,0E-15,0E-16,0E-15,8.347000000000000,0E-16,8.347000000000000,0.50000000000000000,0.000,0.50000000000000000,3.38000000000000000,0.000,3.38000000000000000,0E-17,0.000,0E-17,0.95000000000000000,0.00,0.95000000000000000,13.1770000000000000,13.177000000000000000,0E-16,INITIAL,2025-06-12T13:29:08.000-04:00,2025-06-12T13:29:08.000-04:00,7000-1.1 (Rev. 04-2023)
2025-07-01T03:29:20.000-04:00,2024,20250340,22049,18718,SUNOCO PIPELINE L.P.,1300 MAIN STREET,HOUSTON,TX,77002,US,Crude Oil,PENNSYLVANIA,null,null,25.78000000000000000,25.78000000000000000,null,null,null,null,null,0,0,0,0,0,0.000,25.7800000000000000,0E-16,0E-16,0.00,0E-14,25.7800000000000000,0.00,0E-15,0.00,0.000,0,0,0E-15,0.000,25.7800000000000000,0.000,0E-16,0.00,0E-14,25.7800000000000000,0.000,0E-15,0.000,0.000,0.000,0.000,0E-17,0E-15,0E-15,0E-16,0E-16,0E-16,0.000,0.280000000000000000,0.280000000000000000,0E-15,0E-16,0E-15,0E-15,0E-16,0E-15,0E-17,0.000,0E-17,1.90000000000000000,0.000,1.90000000000000000,0E-17,0.000,0E-17,0E-17,0.00,0E-17,2.1800000000000000,1.900000000000000000,0.2800000000000000,INITIAL,2025-06-10T04:47:10.000-04:00,2025-06-10T04:47:10.000-04:00,7000-1.1 (Rev. 04-2023)
2025-07-01T03:29:20.000-04:00,2024,20250424,22135,18718,SUNOCO PIPELINE L.P.,1300 MAIN STREET,HOUSTON,TX,77002,US,HVL,"DELAWARE, MICHIGAN, NEW JERSEY, OHIO, PENNSYLVANIA, SOUTH CAROLINA, WEST VIRGINIA",TEXAS,null,844.49000000000000000,844.49000000000000000,null,null,null,null,null,0,0,0,48778361631,0,1.940,1320.4700000000000000,0E-16,0E-16,0.00,0E-14,1322.4100000000000000,0.00,0E-15,0.00,0.000,0,0,0E-15,1.940,1320.4700000000000000,0.000,0E-16,0.00,0E-14,1322.4100000000000000,0.000,0E-15,0.000,0.000,0.530,0.530,0E-17,41.770000000000000,41.770000000000000,0E-16,2.2500000000000000,2.2500000000000000,0.000,90.950000000000000000,90.950000000000000000,63.290000000000000,0E-16,63.290000000000000,3.270000000000000,0E-16,3.270000000000000,24.02000000000000000,0.000,24.02000000000000000,5.30000000000000000,0.000,5.30000000000000000,459.25000000000000000,0.000,459.25000000000000000,283.26000000000000000,0.00,283.26000000000000000,973.8900000000000000,838.390000000000000000,135.5000000000000000,INITIAL,2025-06-11T11:13:01.000-04:00,2025-06-11T11:13:01.000-04:00,7000-1.1 (Rev. 04-2023)
2025-07-01T03:29:20.000-04:00,2024,20250342,22051,18718,SUNOCO PIPELINE L.P.,1300 MAIN STREET,HOUSTON,TX,77002,US,Refined and/or Petroleum Product (non-HVL),"DELAWARE, MICHIGAN, NEW JERSEY, NEW YORK, OHIO, PENNSYLVANIA","MASSACHUSETTS, TEXAS",null,1588.72000000000000000,1588.72000000000000000,0,0,0,0,0,0,0,0,0,17087629912,175.510,2817.1500000000000000,0E-16,0E-16,0.00,0E-14,2992.6600000000000000,0.00,0E-15,0.00,0.000,0,0,0E-15,175.510,2817.1500000000000000,0.000,0E-16,0.00,0E-14,2992.6600000000000000,1.770,0E-15,1.770,0.000,22.450,22.450,0E-17,257.380000000000000,257.380000000000000,0E-16,23.6800000000000000,23.6800000000000000,0.000,126.200000000000000000,126.200000000000000000,212.160000000000000,0E-16,212.160000000000000,62.970000000000000,0E-16,62.970000000000000,38.97000000000000000,0.000,38.97000000000000000,16.49000000000000000,0.000,16.49000000000000000,201.11000000000000000,0.000,201.11000000000000000,7.56000000000000000,0.00,7.56000000000000000,970.7400000000000000,541.030000000000000000,429.7100000000000000,INITIAL,2025-06-10T05:16:37.000-04:00,2025-06-10T05:16:37.000-04:00,7000-1.1 (Rev. 04-2023)
2025-07-01T03:29:20.000-04:00,2024,20250415,22126,19319,"TPC GROUP, LLC",500 Dallas Street,HOUSTON,TX,77002,US,HVL,null,"LOUISIANA, TEXAS",null,116.17800000000000000,116.17800000000000000,null,null,null,null,null,null,null,null,59530938,null,0.000,118.2920000000000000,0E-16,0E-16,0.00,0E-14,118.2920000000000000,0.00,0E-15,0.00,0.000,0,0,0E-15,0.000,118.2920000000000000,0.000,0E-16,0.00,0E-14,118.2920000000000000,0.000,0E-15,0.000,0.000,9.933,9.933,0E-17,0.824000000000000,0.824000000000000,0E-16,1.8710000000000000,1.8710000000000000,0.000,41.639000000000000000,41.639000000000000000,33.677000000000000,0E-16,33.677000000000000,0.460000000000000,0E-16,0.460000000000000,9.12100000000000000,0.000,9.12100000000000000,4.17200000000000000,0.000,4.17200000000000000,0.78100000000000000,0.000,0.78100000000000000,0.68700000000000010,0.00,0.68700000000000010,103.1650000000000000,48.898000000000000000,54.2670000000000000,INITIAL,2025-06-11T09:48:27.000-04:00,2025-06-11T09:48:27.000-04:00,7000-1.1 (Rev. 04-2023)
2025-07-01T03:29:20.000-04:00,2024,20250416,22127,19319,"TPC GROUP, LLC",500 Dallas Street,HOUSTON,TX,77002,US,Refined and/or Petroleum Product (non-HVL),null,"LOUISIANA, TEXAS",null,16.61900000000000000,16.61900000000000000,null,null,null,null,null,null,null,null,null,4852524,0.000,16.8160000000000000,0E-16,0E-16,0.00,0E-14,16.8160000000000000,0.00,0E-15,0.00,0.000,0,0,0E-15,0.000,16.8160000000000000,0.000,0E-16,0.00,0E-14,16.8160000000000000,0.000,0E-15,0.000,0.000,0.000,0.000,0E-17,12.541000000000000,12.541000000000000,0E-16,0.6840000000000001,0.6840000000000001,0.000,2.983000000000000000,2.983000000000000000,0E-15,0E-16,0E-15,0E-15,0E-16,0E-15,0E-17,0.000,0E-17,0E-17,0.000,0E-17,0E-17,0.000,0E-17,0E-17,0.00,0E-17,16.2080000000000000,0E-18,16.2080000000000000,INITIAL,2025-06-11T09:50:28.000-04:00,2025-06-11T09:50:28.000-04:00,7000-1.1 (Rev. 04-2023)
2025-07-01T03:29:20.000-04:00,2024,20250332,22041,19410,THUMS LONG BEACH CO,ONE WORLD TRADE CENTER,LONG BEACH,CA,90831,US,Crude Oil,null,CALIFORNIA,9.630000000000001,2.82000000000000000,12.45000000000000000,null,11526079,null,null,null,null,10471070,null,null,null,0.000,2.5800000000000000,0E-16,0E-16,0.00,0E-14,2.5800000000000000,0.00,10.190000000000000,0.00,0.000,0,0,10.190000000000000,0.000,12.7700000000000000,0.000,0E-16,0.00,0E-14,12.7700000000000000,0.000,0E-15,0.000,0.000,0.000,0.000,0E-17,0E-15,0E-15,0E-16,0E-16,0E-16,1.200,0E-18,1.200000000000000000,0E-15,0E-16,0E-15,0E-15,0E-16,0E-15,0E-17,0.000,0E-17,0E-17,0.000,0E-17,0E-17,0.000,0E-17,0E-17,0.00,0E-17,1.2000000000000000,1.200000000000000000,0E-16,INITIAL,2025-06-09T14:44:58.000-04:00,2025-06-09T14:44:58.000-04:00,7000-1.1 (Rev. 04-2023)
2025-07-01T03:29:20.000-04:00,2024,20250144,21843,19481,T & M TERMINAL CO,ONE SYLVAN WAY,PARSIPPANY,NJ,07054,US,Refined and/or Petroleum Product (non-HVL),MISSISSIPPI,null,null,0E-17,0E-17,null,null,null,null,null,null,null,null,null,32070,0.000,1.4400000000000000,0E-16,0E-16,0.00,0E-14,1.4400000000000000,0.00,0E-15,0.00,0.000,0,0,0E-15,0.000,1.4400000000000000,0.000,0E-16,0.00,0E-14,1.4400000000000000,0.000,0E-15,0.000,0.000,0.000,0.000,0E-17,0E-15,0E-15,0E-16,0E-16,0E-16,0.000,0E-18,0E-18,1.440000000000000,0E-16,1.440000000000000,0E-15,0E-16,0E-15,0E-17,0.000,0E-17,0E-17,0.000,0E-17,0E-17,0.000,0E-17,0E-17,0.00,0E-17,1.4400000000000000,1.440000000000000000,0E-16,INITIAL,2025-05-23T08:42:32.000-04:00,2025-05-23T08:42:32.000-04:00,7000-1.1 (Rev. 04-2023)
2025-07-01T03:29:20.000-04:00,2024,20250176,21888,19570,TRANSCONTINENTAL GAS PIPE LINE COMPANY,ONE WILLIAMS CENTER,TULSA,OK,74172,US,HVL,null,TEXAS,null,null,0E-17,null,null,null,null,null,null,null,null,0,null,0.000,0E-16,0E-16,0E-16,0.00,0E-14,0E-16,0.00,0E-15,0.00,0.000,0,0,0E-15,0.000,0E-16,0.000,0E-16,0.00,0E-14,0E-16,0.000,0E-15,0.000,0.000,0.000,0.000,0E-17,0E-15,0E-15,0E-16,0E-16,0E-16,0.000,0E-18,0E-18,0E-15,0E-16,0E-15,0E-15,0E-16,0E-15,0E-17,0.000,0E-17,0E-17,0.000,0E-17,0E-17,0.000,0E-17,0E-17,0.00,0E-17,0E-16,0E-18,0E-16,SUPPLEMENTAL,2025-05-30T03:05:16.000-04:00,2025-05-30T12:32:58.000-04:00,7000-1.1 (Rev. 04-2023)
2025-07-01T03:29:20.000-04:00,2024,20250362,22071,19585,TRANS MOUNTAIN PIPELINE (PUGET SOUND) LLC,"2700, 300-5TH AVE SW",CALGARY,ALBERTA,T2P 5J2,CA,Crude Oil,WASHINGTON,null,0E-15,40.00000000000000000,40.00000000000000000,0,0,0,0,0,0,3389991057,0,0,0,0.000,64.0000000000000000,0E-16,0E-16,0.00,0E-14,64.0000000000000000,0.00,0E-15,0.00,0.000,0,0,0E-15,0.000,64.0000000000000000,0.000,0E-16,0.00,0E-14,64.0000000000000000,0.000,0E-15,0.000,0.000,0.000,0.000,0E-17,0E-15,0E-15,0E-16,0E-16,0E-16,0.000,0E-18,0E-18,0E-15,0E-16,0E-15,0E-15,0E-16,0E-15,0E-17,0.000,0E-17,0E-17,0.000,0E-17,0E-17,0.000,0E-17,0E-17,0.00,0E-17,0E-16,0E-18,0E-16,INITIAL,2025-06-10T09:18:51.000-04:00,2025-06-10T09:18:51.000-04:00,7000-1.1 (Rev. 04-2023)
